Lattice Timing Report -  Setup  and Hold, Version Radiant Software (64-bit) 2026.1.0.37.0

Mon Sep 21 14:51:07 2026

Copyright (c) 1991-1994 by NeoCAD Inc. All rights reserved.
Copyright (c) 1995 AT&T Corp.   All rights reserved.
Copyright (c) 1995-2001 Lucent Technologies Inc.  All rights reserved.
Copyright (c) 2001 Agere Systems   All rights reserved.
Copyright (c) 2002-2026 Lattice Semiconductor Corporation,  All rights reserved.

Command line:    timing -sethld -v 10 -u 10 -endpoints 10 -nperend 1 -sp High-Performance_1.2V -hsp m -pwrprd -html -rpt lab3_GA_impl_1.twr lab3_GA_impl_1.udb -gui -msgset C:/Users/gmenendezdealencar/Documents/GitHub/hmc-e155-portfolio/labFiles/lab3/fpga/Radiant/lab3_GA/promote.xml

-----------------------------------------
Design:          lab3_GA
Family:          iCE40UP
Device:          iCE40UP5K
Package:         SG48
Performance:     High-Performance_1.2V
Package Status:                     Preliminary    Version 1.5
**Performance Hardware Data Status :   Advanced Version 1.0
-----------------------------------------


=====================================================================
                    Table of Contents
=====================================================================
    1  Timing Overview
        1.1  SDC Constraints
        1.2  Constraint Coverage
        1.3  Overall Summary
        1.4  Unconstrained Report
        1.5  Combinational Loop
    2  Setup at Speed Grade High-Performance_1.2V Corner at 100 Degrees
        2.1  Clock Summary
        2.2  Endpoint slacks
        2.3  Detailed Report
    3  Hold at Speed Grade m Corner at -40 Degrees
        3.1  Endpoint slacks
        3.2  Detailed Report

=====================================================================
                    End of Table of Contents
=====================================================================

==============================================
1  Timing Overview
==============================================

1.1  SDC Constraints
=====================
create_clock -name {clk} -period 20.8333 [get_pins {hf_osc/CLKHF }] 

1.2  Constraint Coverage
---------------------------
Constraint Coverage: 84.321%


1.3  Overall Summary
---------------------------
 Setup at Speed Grade High-Performance_1.2V Corner at 100 Degrees     Timing Errors: 0 endpoints;  Total Negative Slack: 0.000 ns 
 Hold at Speed Grade m Corner at -40 Degrees                          Timing Errors: 0 endpoints;  Total Negative Slack: 0.000 ns 

1.4  Unconstrained Report
===========================

1.4.1  Unconstrained Start/End Points
--------------------------------------

Clocked but unconstrained timing start points
-------------------------------------------------------------------
         Listing 4 Start Points         |           Type           
-------------------------------------------------------------------
u_digit_reg/digit_left_i0_i3/Q          |          No required time
u_digit_reg/digit_left_i0_i2/Q          |          No required time
u_digit_reg/digit_left_i0_i1/Q          |          No required time
u_digit_reg/digit_left_i0_i0/Q          |          No required time
-------------------------------------------------------------------
                                        |                          
Number of unconstrained timing start po |                          
ints                                    |                         4
                                        |                          
-------------------------------------------------------------------

Clocked but unconstrained timing end points
-------------------------------------------------------------------
         Listing 10 End Points          |           Type           
-------------------------------------------------------------------
{u_display_mux/u_mux_counter/count_179__i8/SR   u_display_mux/u_mux_counter/count_179__i9/SR}                           
                                        |           No arrival time
{u_display_mux/u_mux_counter/count_179__i6/SR   u_display_mux/u_mux_counter/count_179__i7/SR}                           
                                        |           No arrival time
{u_display_mux/u_mux_counter/count_179__i4/SR   u_display_mux/u_mux_counter/count_179__i5/SR}                           
                                        |           No arrival time
{u_display_mux/u_mux_counter/count_179__i2/SR   u_display_mux/u_mux_counter/count_179__i3/SR}                           
                                        |           No arrival time
u_display_mux/u_mux_counter/count_179__i1/SR                           
                                        |           No arrival time
{u_display_mux/u_mux_counter/count_179__i16/SR   u_display_mux/u_mux_counter/count_179__i17/SR}                           
                                        |           No arrival time
{u_display_mux/u_mux_counter/count_179__i14/SR   u_display_mux/u_mux_counter/count_179__i15/SR}                           
                                        |           No arrival time
{u_display_mux/u_mux_counter/count_179__i12/SR   u_display_mux/u_mux_counter/count_179__i13/SR}                           
                                        |           No arrival time
{u_display_mux/u_mux_counter/count_179__i10/SR   u_display_mux/u_mux_counter/count_179__i11/SR}                           
                                        |           No arrival time
{rows_i3/SR   rows_i2/SR}               |           No arrival time
-------------------------------------------------------------------
                                        |                          
Number of unconstrained timing end poin |                          
ts                                      |                        55
                                        |                          
-------------------------------------------------------------------

1.4.2  Start/End Points Without Timing Constraints
---------------------------------------------------

I/O ports without constraint
----------------------------
Possible constraints to use on I/O ports are:
set_input_delay,
set_output_delay,
set_max_delay,
create_clock,
create_generated_clock,
...

-------------------------------------------------------------------
     Listing 10 Start or End Points     |           Type           
-------------------------------------------------------------------
reset_b                                 |                     input
cols[3]                                 |                     input
cols[2]                                 |                     input
cols[1]                                 |                     input
cols[0]                                 |                     input
rows[3]                                 |                    output
rows[2]                                 |                    output
rows[1]                                 |                    output
rows[0]                                 |                    output
seg[6]                                  |                    output
-------------------------------------------------------------------
                                        |                          
Number of I/O ports without constraint  |                        18
                                        |                          
-------------------------------------------------------------------

Nets without clock definition
Define a clock on a top level port or a generated clock on a clock divider pin associated with this net(s).
--------------------------------------------------
There is no instance satisfying reporting criteria



1.5  Combinational Loop
========================
None

===============================================================
2  Setup at Speed Grade High-Performance_1.2V Corner at 100 Degrees
===============================================================

2.1  Clock Summary
=======================

2.1.1 Clock "clk"
=======================
create_clock -name {clk} -period 20.8333 [get_pins {hf_osc/CLKHF }] 

Single Clock Domain
-------------------------------------------------------------------------------------------------------
               Clock clk                |                    |       Period       |     Frequency      
-------------------------------------------------------------------------------------------------------
 From clk                               |             Target |          20.833 ns |         48.000 MHz 
                                        | Actual (all paths) |          20.792 ns |         48.095 MHz 
hf_osc/CLKHF (MPW)                      |   (50% duty cycle) |          20.792 ns |         48.095 MHz 
-------------------------------------------------------------------------------------------------------

Clock Domain Crossing

2.2  Endpoint slacks
=======================
-------------------------------------------------------
          Listing 10 End Points          |    Slack    
-------------------------------------------------------
{u_digit_reg/digit_left_i0_i1/SP   u_digit_reg/digit_left_i0_i0/SP}              
                                         |    1.417 ns 
{u_digit_reg/digit_left_i0_i3/SP   u_digit_reg/digit_left_i0_i2/SP}              
                                         |    1.417 ns 
u_digit_reg/digit_right_i0_i0/D          |    1.787 ns 
u_digit_reg/digit_right_i0_i2/D          |    1.853 ns 
u_digit_reg/digit_right_i0_i1/D          |    1.853 ns 
u_digit_reg/digit_right_i0_i3/D          |    1.906 ns 
u_scanner/u_scan_ctr/count_178__i25/D    |    4.774 ns 
rows_i2/D                                |    5.012 ns 
u_scanner/u_scan_ctr/count_178__i24/D    |    5.051 ns 
rows_i0/D                                |    5.118 ns 
-------------------------------------------------------
                                         |             
Setup # of endpoints with negative slack:|           0 
                                         |             
-------------------------------------------------------

2.3  Detailed Report
=======================


XXXXXXXXXXXXXXXXXXXXXXXXXXXXXXXXXXXXXXXXXXXXXXXXXXXXXXXXXX

Detail report of critical paths

XXXXXXXXXXXXXXXXXXXXXXXXXXXXXXXXXXXXXXXXXXXXXXXXXXXXXXXXXX

+++++++++++++++++++++++++++++++++++++++++++++++++++++++++++++++++++++ 
                    Detailed Report for timing paths 
+++++++++++++++++++++++++++++++++++++++++++++++++++++++++++++++++++++ 

++++ Path 1 ++++++++++++++++++++++++++++++++++++++++++++++++++++++++++ 

Path Begin       : u_debouncer/q_i0_i0/Q  (SLICE_R17C8D)
Path End         : {u_digit_reg/digit_left_i0_i1/SP   u_digit_reg/digit_left_i0_i0/SP}  (SLICE_R17C6B)
Source Clock     : clk (R)
Destination Clock: clk (R)
Logic Level      : 7
Delay Ratio      : 78.6% (route), 21.4% (logic)
Clock Skew       : 0.000 ns 
Setup Constraint : 20.833 ns 
Path Slack       : 1.417 ns  (Passed)


Source Clock Path
Name                                      Cell/Site Name     Delay Name       Incr      Arrival/Required Time  Fanout  
----------------------------------------  -----------------  ---------------  --------  ---------------------  ------  
hf_osc/CLKHF                              HFOSC_HFOSC_R1C32  CLOCK LATENCY       0.000                  0.000  52      
u_col_sync/clk                                               NET DELAY           5.499                  5.499  52      
{u_debouncer/q_i0_i0/CK   u_debouncer/q_i0_i1/CK}
                                                             CLOCK PIN           0.000                  5.499  1       


Data Path
Name                                      Cell/Site Name     Delay Name       Incr      Arrival/Required Time  Fanout  
----------------------------------------  -----------------  ---------------  --------  ---------------------  ------  
u_debouncer/q_i0_i0/CK->u_debouncer/q_i0_i0/Q
                                          SLICE_R17C8D       CLK_TO_Q0_DELAY     1.388                  6.887  7       
u_debouncer/cols_stable[0]                                   NET DELAY           2.736                  9.623  7       
u_key_decoder/i2_3_lut_4_lut_adj_10/A->u_key_decoder/i2_3_lut_4_lut_adj_10/Z
                                          SLICE_R15C8A       A0_TO_F0_DELAY      0.449                 10.072  7       
u_key_decoder/n725                                           NET DELAY           2.168                 12.240  7       
u_key_decoder/i942_2_lut/A->u_key_decoder/i942_2_lut/Z
                                          SLICE_R16C7A       D1_TO_F1_DELAY      0.449                 12.689  2       
u_key_decoder/n1226                                          NET DELAY           2.168                 14.857  2       
u_key_decoder/key_0__I_0_4_lut/D->u_key_decoder/key_0__I_0_4_lut/Z
                                          SLICE_R16C8D       D1_TO_F1_DELAY      0.449                 15.306  2       
u_digit_reg/n1349                                            NET DELAY           2.168                 17.474  2       
i1_4_lut/A->i1_4_lut/Z                    SLICE_R16C8B       D0_TO_F0_DELAY      0.449                 17.923  1       
u_key_control/n5                                             NET DELAY           2.168                 20.091  1       
u_key_control/Select_225_i1_3_lut/A->u_key_control/Select_225_i1_3_lut/Z
                                          SLICE_R16C7C       D0_TO_F0_DELAY      0.476                 20.567  1       
u_key_control/n1                                             NET DELAY           0.304                 20.871  1       
u_key_control/i2_4_lut/B->u_key_control/i2_4_lut/Z
                                          SLICE_R16C7C       C1_TO_F1_DELAY      0.449                 21.320  6       
u_key_control/key_valid                                      NET DELAY           3.397                 24.717  6       
{u_digit_reg/digit_left_i0_i1/SP   u_digit_reg/digit_left_i0_i0/SP}
                                                             ENDPOINT            0.000                 24.717  1       


Destination Clock Path
Name                                      Cell/Site Name     Delay Name       Incr      Arrival/Required Time  Fanout  
----------------------------------------  -----------------  ---------------  --------  ---------------------  ------  
                                                             CONSTRAINT          0.000                 20.833  1       
hf_osc/CLKHF                              HFOSC_HFOSC_R1C32  CLOCK LATENCY       0.000                 20.833  52      
u_col_sync/clk                                               NET DELAY           5.499                 26.332  52      
{u_digit_reg/digit_left_i0_i1/CK   u_digit_reg/digit_left_i0_i0/CK}
                                                             CLOCK PIN           0.000                 26.332  1       
                                                             Uncertainty      -(0.000)                 26.332  
                                                             Setup time       -(0.198)                 26.134  
----------------------------------------  -----------------  ---------------  --------  ---------------------  ------  
Required Time                                                                                          26.134  
Arrival Time                                                                                        -(24.716)  
----------------------------------------  -----------------  ---------------  --------  ---------------------  ------  
Path Slack  (Passed)                                                                                    1.417  




++++ Path 2 ++++++++++++++++++++++++++++++++++++++++++++++++++++++++++ 

Path Begin       : u_debouncer/q_i0_i0/Q  (SLICE_R17C8D)
Path End         : {u_digit_reg/digit_left_i0_i3/SP   u_digit_reg/digit_left_i0_i2/SP}  (SLICE_R17C6D)
Source Clock     : clk (R)
Destination Clock: clk (R)
Logic Level      : 7
Delay Ratio      : 78.6% (route), 21.4% (logic)
Clock Skew       : 0.000 ns 
Setup Constraint : 20.833 ns 
Path Slack       : 1.417 ns  (Passed)


Source Clock Path
Name                                      Cell/Site Name     Delay Name       Incr      Arrival/Required Time  Fanout  
----------------------------------------  -----------------  ---------------  --------  ---------------------  ------  
hf_osc/CLKHF                              HFOSC_HFOSC_R1C32  CLOCK LATENCY       0.000                  0.000  52      
u_col_sync/clk                                               NET DELAY           5.499                  5.499  52      
{u_debouncer/q_i0_i0/CK   u_debouncer/q_i0_i1/CK}
                                                             CLOCK PIN           0.000                  5.499  1       


Data Path
Name                                      Cell/Site Name     Delay Name       Incr      Arrival/Required Time  Fanout  
----------------------------------------  -----------------  ---------------  --------  ---------------------  ------  
u_debouncer/q_i0_i0/CK->u_debouncer/q_i0_i0/Q
                                          SLICE_R17C8D       CLK_TO_Q0_DELAY     1.388                  6.887  7       
u_debouncer/cols_stable[0]                                   NET DELAY           2.736                  9.623  7       
u_key_decoder/i2_3_lut_4_lut_adj_10/A->u_key_decoder/i2_3_lut_4_lut_adj_10/Z
                                          SLICE_R15C8A       A0_TO_F0_DELAY      0.449                 10.072  7       
u_key_decoder/n725                                           NET DELAY           2.168                 12.240  7       
u_key_decoder/i942_2_lut/A->u_key_decoder/i942_2_lut/Z
                                          SLICE_R16C7A       D1_TO_F1_DELAY      0.449                 12.689  2       
u_key_decoder/n1226                                          NET DELAY           2.168                 14.857  2       
u_key_decoder/key_0__I_0_4_lut/D->u_key_decoder/key_0__I_0_4_lut/Z
                                          SLICE_R16C8D       D1_TO_F1_DELAY      0.449                 15.306  2       
u_digit_reg/n1349                                            NET DELAY           2.168                 17.474  2       
i1_4_lut/A->i1_4_lut/Z                    SLICE_R16C8B       D0_TO_F0_DELAY      0.449                 17.923  1       
u_key_control/n5                                             NET DELAY           2.168                 20.091  1       
u_key_control/Select_225_i1_3_lut/A->u_key_control/Select_225_i1_3_lut/Z
                                          SLICE_R16C7C       D0_TO_F0_DELAY      0.476                 20.567  1       
u_key_control/n1                                             NET DELAY           0.304                 20.871  1       
u_key_control/i2_4_lut/B->u_key_control/i2_4_lut/Z
                                          SLICE_R16C7C       C1_TO_F1_DELAY      0.449                 21.320  6       
u_key_control/key_valid                                      NET DELAY           3.397                 24.717  6       
{u_digit_reg/digit_left_i0_i3/SP   u_digit_reg/digit_left_i0_i2/SP}
                                                             ENDPOINT            0.000                 24.717  1       


Destination Clock Path
Name                                      Cell/Site Name     Delay Name       Incr      Arrival/Required Time  Fanout  
----------------------------------------  -----------------  ---------------  --------  ---------------------  ------  
                                                             CONSTRAINT          0.000                 20.833  1       
hf_osc/CLKHF                              HFOSC_HFOSC_R1C32  CLOCK LATENCY       0.000                 20.833  52      
u_col_sync/clk                                               NET DELAY           5.499                 26.332  52      
{u_digit_reg/digit_left_i0_i3/CK   u_digit_reg/digit_left_i0_i2/CK}
                                                             CLOCK PIN           0.000                 26.332  1       
                                                             Uncertainty      -(0.000)                 26.332  
                                                             Setup time       -(0.198)                 26.134  
----------------------------------------  -----------------  ---------------  --------  ---------------------  ------  
Required Time                                                                                          26.134  
Arrival Time                                                                                        -(24.716)  
----------------------------------------  -----------------  ---------------  --------  ---------------------  ------  
Path Slack  (Passed)                                                                                    1.417  




++++ Path 3 ++++++++++++++++++++++++++++++++++++++++++++++++++++++++++ 

Path Begin       : u_debouncer/q_i0_i0/Q  (SLICE_R17C8D)
Path End         : u_digit_reg/digit_right_i0_i0/D  (SLICE_R16C8C)
Source Clock     : clk (R)
Destination Clock: clk (R)
Logic Level      : 8
Delay Ratio      : 75.7% (route), 24.3% (logic)
Clock Skew       : 0.000 ns 
Setup Constraint : 20.833 ns 
Path Slack       : 1.787 ns  (Passed)


Source Clock Path
Name                                      Cell/Site Name     Delay Name       Incr      Arrival/Required Time  Fanout  
----------------------------------------  -----------------  ---------------  --------  ---------------------  ------  
hf_osc/CLKHF                              HFOSC_HFOSC_R1C32  CLOCK LATENCY       0.000                  0.000  52      
u_col_sync/clk                                               NET DELAY           5.499                  5.499  52      
{u_debouncer/q_i0_i0/CK   u_debouncer/q_i0_i1/CK}
                                                             CLOCK PIN           0.000                  5.499  1       


Data Path
Name                                      Cell/Site Name     Delay Name       Incr      Arrival/Required Time  Fanout  
----------------------------------------  -----------------  ---------------  --------  ---------------------  ------  
u_debouncer/q_i0_i0/CK->u_debouncer/q_i0_i0/Q
                                          SLICE_R17C8D       CLK_TO_Q0_DELAY     1.388                  6.887  7       
u_debouncer/cols_stable[0]                                   NET DELAY           2.736                  9.623  7       
u_key_decoder/i2_3_lut_4_lut_adj_10/A->u_key_decoder/i2_3_lut_4_lut_adj_10/Z
                                          SLICE_R15C8A       A0_TO_F0_DELAY      0.449                 10.072  7       
u_key_decoder/n725                                           NET DELAY           2.168                 12.240  7       
u_key_decoder/i942_2_lut/A->u_key_decoder/i942_2_lut/Z
                                          SLICE_R16C7A       D1_TO_F1_DELAY      0.449                 12.689  2       
u_key_decoder/n1226                                          NET DELAY           2.168                 14.857  2       
u_key_decoder/key_0__I_0_4_lut/D->u_key_decoder/key_0__I_0_4_lut/Z
                                          SLICE_R16C8D       D1_TO_F1_DELAY      0.449                 15.306  2       
u_digit_reg/n1349                                            NET DELAY           2.168                 17.474  2       
i1_4_lut/A->i1_4_lut/Z                    SLICE_R16C8B       D0_TO_F0_DELAY      0.449                 17.923  1       
u_key_control/n5                                             NET DELAY           2.168                 20.091  1       
u_key_control/Select_225_i1_3_lut/A->u_key_control/Select_225_i1_3_lut/Z
                                          SLICE_R16C7C       D0_TO_F0_DELAY      0.476                 20.567  1       
u_key_control/n1                                             NET DELAY           0.304                 20.871  1       
u_key_control/i2_4_lut/B->u_key_control/i2_4_lut/Z
                                          SLICE_R16C7C       C1_TO_F1_DELAY      0.449                 21.320  6       
u_key_control/key_valid                                      NET DELAY           2.551                 23.871  6       
u_digit_reg/i481_3_lut/C->u_digit_reg/i481_3_lut/Z
                                          SLICE_R16C8C       A1_TO_F1_DELAY      0.476                 24.347  1       
u_digit_reg/n769                                             NET DELAY           0.000                 24.347  1       
u_digit_reg/digit_right_i0_i0/D                              ENDPOINT            0.000                 24.347  1       


Destination Clock Path
Name                                      Cell/Site Name     Delay Name       Incr      Arrival/Required Time  Fanout  
----------------------------------------  -----------------  ---------------  --------  ---------------------  ------  
                                                             CONSTRAINT          0.000                 20.833  1       
hf_osc/CLKHF                              HFOSC_HFOSC_R1C32  CLOCK LATENCY       0.000                 20.833  52      
u_col_sync/clk                                               NET DELAY           5.499                 26.332  52      
{u_digit_reg/digit_right_i0_i1/CK   u_digit_reg/digit_right_i0_i0/CK}
                                                             CLOCK PIN           0.000                 26.332  1       
                                                             Uncertainty      -(0.000)                 26.332  
                                                             Setup time       -(0.198)                 26.134  
----------------------------------------  -----------------  ---------------  --------  ---------------------  ------  
Required Time                                                                                          26.134  
Arrival Time                                                                                        -(24.346)  
----------------------------------------  -----------------  ---------------  --------  ---------------------  ------  
Path Slack  (Passed)                                                                                    1.787  




++++ Path 4 ++++++++++++++++++++++++++++++++++++++++++++++++++++++++++ 

Path Begin       : u_debouncer/q_i0_i0/Q  (SLICE_R17C8D)
Path End         : u_digit_reg/digit_right_i0_i2/D  (SLICE_R15C7A)
Source Clock     : clk (R)
Destination Clock: clk (R)
Logic Level      : 8
Delay Ratio      : 75.6% (route), 24.4% (logic)
Clock Skew       : 0.000 ns 
Setup Constraint : 20.833 ns 
Path Slack       : 1.853 ns  (Passed)


Source Clock Path
Name                                      Cell/Site Name     Delay Name       Incr      Arrival/Required Time  Fanout  
----------------------------------------  -----------------  ---------------  --------  ---------------------  ------  
hf_osc/CLKHF                              HFOSC_HFOSC_R1C32  CLOCK LATENCY       0.000                  0.000  52      
u_col_sync/clk                                               NET DELAY           5.499                  5.499  52      
{u_debouncer/q_i0_i0/CK   u_debouncer/q_i0_i1/CK}
                                                             CLOCK PIN           0.000                  5.499  1       


Data Path
Name                                      Cell/Site Name     Delay Name       Incr      Arrival/Required Time  Fanout  
----------------------------------------  -----------------  ---------------  --------  ---------------------  ------  
u_debouncer/q_i0_i0/CK->u_debouncer/q_i0_i0/Q
                                          SLICE_R17C8D       CLK_TO_Q0_DELAY     1.388                  6.887  7       
u_debouncer/cols_stable[0]                                   NET DELAY           2.736                  9.623  7       
u_key_decoder/i2_3_lut_4_lut_adj_10/A->u_key_decoder/i2_3_lut_4_lut_adj_10/Z
                                          SLICE_R15C8A       A0_TO_F0_DELAY      0.449                 10.072  7       
u_key_decoder/n725                                           NET DELAY           2.168                 12.240  7       
u_key_decoder/i942_2_lut/A->u_key_decoder/i942_2_lut/Z
                                          SLICE_R16C7A       D1_TO_F1_DELAY      0.449                 12.689  2       
u_key_decoder/n1226                                          NET DELAY           2.168                 14.857  2       
u_key_decoder/key_0__I_0_4_lut/D->u_key_decoder/key_0__I_0_4_lut/Z
                                          SLICE_R16C8D       D1_TO_F1_DELAY      0.449                 15.306  2       
u_digit_reg/n1349                                            NET DELAY           2.168                 17.474  2       
i1_4_lut/A->i1_4_lut/Z                    SLICE_R16C8B       D0_TO_F0_DELAY      0.449                 17.923  1       
u_key_control/n5                                             NET DELAY           2.168                 20.091  1       
u_key_control/Select_225_i1_3_lut/A->u_key_control/Select_225_i1_3_lut/Z
                                          SLICE_R16C7C       D0_TO_F0_DELAY      0.476                 20.567  1       
u_key_control/n1                                             NET DELAY           0.304                 20.871  1       
u_key_control/i2_4_lut/B->u_key_control/i2_4_lut/Z
                                          SLICE_R16C7C       C1_TO_F1_DELAY      0.449                 21.320  6       
u_key_control/key_valid                                      NET DELAY           2.485                 23.805  6       
u_digit_reg/i483_3_lut/C->u_digit_reg/i483_3_lut/Z
                                          SLICE_R15C7A       B0_TO_F0_DELAY      0.476                 24.281  1       
u_digit_reg/n771                                             NET DELAY           0.000                 24.281  1       
u_digit_reg/digit_right_i0_i2/D                              ENDPOINT            0.000                 24.281  1       


Destination Clock Path
Name                                      Cell/Site Name     Delay Name       Incr      Arrival/Required Time  Fanout  
----------------------------------------  -----------------  ---------------  --------  ---------------------  ------  
                                                             CONSTRAINT          0.000                 20.833  1       
hf_osc/CLKHF                              HFOSC_HFOSC_R1C32  CLOCK LATENCY       0.000                 20.833  52      
u_col_sync/clk                                               NET DELAY           5.499                 26.332  52      
{u_digit_reg/digit_right_i0_i2/CK   u_digit_reg/digit_right_i0_i3/CK}
                                                             CLOCK PIN           0.000                 26.332  1       
                                                             Uncertainty      -(0.000)                 26.332  
                                                             Setup time       -(0.198)                 26.134  
----------------------------------------  -----------------  ---------------  --------  ---------------------  ------  
Required Time                                                                                          26.134  
Arrival Time                                                                                        -(24.280)  
----------------------------------------  -----------------  ---------------  --------  ---------------------  ------  
Path Slack  (Passed)                                                                                    1.853  




++++ Path 5 ++++++++++++++++++++++++++++++++++++++++++++++++++++++++++ 

Path Begin       : u_debouncer/q_i0_i0/Q  (SLICE_R17C8D)
Path End         : u_digit_reg/digit_right_i0_i1/D  (SLICE_R16C8C)
Source Clock     : clk (R)
Destination Clock: clk (R)
Logic Level      : 8
Delay Ratio      : 75.6% (route), 24.4% (logic)
Clock Skew       : 0.000 ns 
Setup Constraint : 20.833 ns 
Path Slack       : 1.853 ns  (Passed)


Source Clock Path
Name                                      Cell/Site Name     Delay Name       Incr      Arrival/Required Time  Fanout  
----------------------------------------  -----------------  ---------------  --------  ---------------------  ------  
hf_osc/CLKHF                              HFOSC_HFOSC_R1C32  CLOCK LATENCY       0.000                  0.000  52      
u_col_sync/clk                                               NET DELAY           5.499                  5.499  52      
{u_debouncer/q_i0_i0/CK   u_debouncer/q_i0_i1/CK}
                                                             CLOCK PIN           0.000                  5.499  1       


Data Path
Name                                      Cell/Site Name     Delay Name       Incr      Arrival/Required Time  Fanout  
----------------------------------------  -----------------  ---------------  --------  ---------------------  ------  
u_debouncer/q_i0_i0/CK->u_debouncer/q_i0_i0/Q
                                          SLICE_R17C8D       CLK_TO_Q0_DELAY     1.388                  6.887  7       
u_debouncer/cols_stable[0]                                   NET DELAY           2.736                  9.623  7       
u_key_decoder/i2_3_lut_4_lut_adj_10/A->u_key_decoder/i2_3_lut_4_lut_adj_10/Z
                                          SLICE_R15C8A       A0_TO_F0_DELAY      0.449                 10.072  7       
u_key_decoder/n725                                           NET DELAY           2.168                 12.240  7       
u_key_decoder/i942_2_lut/A->u_key_decoder/i942_2_lut/Z
                                          SLICE_R16C7A       D1_TO_F1_DELAY      0.449                 12.689  2       
u_key_decoder/n1226                                          NET DELAY           2.168                 14.857  2       
u_key_decoder/key_0__I_0_4_lut/D->u_key_decoder/key_0__I_0_4_lut/Z
                                          SLICE_R16C8D       D1_TO_F1_DELAY      0.449                 15.306  2       
u_digit_reg/n1349                                            NET DELAY           2.168                 17.474  2       
i1_4_lut/A->i1_4_lut/Z                    SLICE_R16C8B       D0_TO_F0_DELAY      0.449                 17.923  1       
u_key_control/n5                                             NET DELAY           2.168                 20.091  1       
u_key_control/Select_225_i1_3_lut/A->u_key_control/Select_225_i1_3_lut/Z
                                          SLICE_R16C7C       D0_TO_F0_DELAY      0.476                 20.567  1       
u_key_control/n1                                             NET DELAY           0.304                 20.871  1       
u_key_control/i2_4_lut/B->u_key_control/i2_4_lut/Z
                                          SLICE_R16C7C       C1_TO_F1_DELAY      0.449                 21.320  6       
u_key_control/key_valid                                      NET DELAY           2.485                 23.805  6       
u_digit_reg/i484_3_lut/C->u_digit_reg/i484_3_lut/Z
                                          SLICE_R16C8C       B0_TO_F0_DELAY      0.476                 24.281  1       
u_digit_reg/n772                                             NET DELAY           0.000                 24.281  1       
u_digit_reg/digit_right_i0_i1/D                              ENDPOINT            0.000                 24.281  1       


Destination Clock Path
Name                                      Cell/Site Name     Delay Name       Incr      Arrival/Required Time  Fanout  
----------------------------------------  -----------------  ---------------  --------  ---------------------  ------  
                                                             CONSTRAINT          0.000                 20.833  1       
hf_osc/CLKHF                              HFOSC_HFOSC_R1C32  CLOCK LATENCY       0.000                 20.833  52      
u_col_sync/clk                                               NET DELAY           5.499                 26.332  52      
{u_digit_reg/digit_right_i0_i1/CK   u_digit_reg/digit_right_i0_i0/CK}
                                                             CLOCK PIN           0.000                 26.332  1       
                                                             Uncertainty      -(0.000)                 26.332  
                                                             Setup time       -(0.198)                 26.134  
----------------------------------------  -----------------  ---------------  --------  ---------------------  ------  
Required Time                                                                                          26.134  
Arrival Time                                                                                        -(24.280)  
----------------------------------------  -----------------  ---------------  --------  ---------------------  ------  
Path Slack  (Passed)                                                                                    1.853  




++++ Path 6 ++++++++++++++++++++++++++++++++++++++++++++++++++++++++++ 

Path Begin       : u_debouncer/q_i0_i0/Q  (SLICE_R17C8D)
Path End         : u_digit_reg/digit_right_i0_i3/D  (SLICE_R15C7A)
Source Clock     : clk (R)
Destination Clock: clk (R)
Logic Level      : 8
Delay Ratio      : 75.5% (route), 24.5% (logic)
Clock Skew       : 0.000 ns 
Setup Constraint : 20.833 ns 
Path Slack       : 1.906 ns  (Passed)


Source Clock Path
Name                                      Cell/Site Name     Delay Name       Incr      Arrival/Required Time  Fanout  
----------------------------------------  -----------------  ---------------  --------  ---------------------  ------  
hf_osc/CLKHF                              HFOSC_HFOSC_R1C32  CLOCK LATENCY       0.000                  0.000  52      
u_col_sync/clk                                               NET DELAY           5.499                  5.499  52      
{u_debouncer/q_i0_i0/CK   u_debouncer/q_i0_i1/CK}
                                                             CLOCK PIN           0.000                  5.499  1       


Data Path
Name                                      Cell/Site Name     Delay Name       Incr      Arrival/Required Time  Fanout  
----------------------------------------  -----------------  ---------------  --------  ---------------------  ------  
u_debouncer/q_i0_i0/CK->u_debouncer/q_i0_i0/Q
                                          SLICE_R17C8D       CLK_TO_Q0_DELAY     1.388                  6.887  7       
u_debouncer/cols_stable[0]                                   NET DELAY           2.736                  9.623  7       
u_key_decoder/i2_3_lut_4_lut_adj_10/A->u_key_decoder/i2_3_lut_4_lut_adj_10/Z
                                          SLICE_R15C8A       A0_TO_F0_DELAY      0.449                 10.072  7       
u_key_decoder/n725                                           NET DELAY           2.168                 12.240  7       
u_key_decoder/i942_2_lut/A->u_key_decoder/i942_2_lut/Z
                                          SLICE_R16C7A       D1_TO_F1_DELAY      0.449                 12.689  2       
u_key_decoder/n1226                                          NET DELAY           2.168                 14.857  2       
u_key_decoder/key_0__I_0_4_lut/D->u_key_decoder/key_0__I_0_4_lut/Z
                                          SLICE_R16C8D       D1_TO_F1_DELAY      0.449                 15.306  2       
u_digit_reg/n1349                                            NET DELAY           2.168                 17.474  2       
i1_4_lut/A->i1_4_lut/Z                    SLICE_R16C8B       D0_TO_F0_DELAY      0.449                 17.923  1       
u_key_control/n5                                             NET DELAY           2.168                 20.091  1       
u_key_control/Select_225_i1_3_lut/A->u_key_control/Select_225_i1_3_lut/Z
                                          SLICE_R16C7C       D0_TO_F0_DELAY      0.476                 20.567  1       
u_key_control/n1                                             NET DELAY           0.304                 20.871  1       
u_key_control/i2_4_lut/B->u_key_control/i2_4_lut/Z
                                          SLICE_R16C7C       C1_TO_F1_DELAY      0.449                 21.320  6       
u_key_control/key_valid                                      NET DELAY           2.432                 23.752  6       
u_digit_reg/i482_3_lut/C->u_digit_reg/i482_3_lut/Z
                                          SLICE_R15C7A       C1_TO_F1_DELAY      0.476                 24.228  1       
u_digit_reg/n770                                             NET DELAY           0.000                 24.228  1       
u_digit_reg/digit_right_i0_i3/D                              ENDPOINT            0.000                 24.228  1       


Destination Clock Path
Name                                      Cell/Site Name     Delay Name       Incr      Arrival/Required Time  Fanout  
----------------------------------------  -----------------  ---------------  --------  ---------------------  ------  
                                                             CONSTRAINT          0.000                 20.833  1       
hf_osc/CLKHF                              HFOSC_HFOSC_R1C32  CLOCK LATENCY       0.000                 20.833  52      
u_col_sync/clk                                               NET DELAY           5.499                 26.332  52      
{u_digit_reg/digit_right_i0_i2/CK   u_digit_reg/digit_right_i0_i3/CK}
                                                             CLOCK PIN           0.000                 26.332  1       
                                                             Uncertainty      -(0.000)                 26.332  
                                                             Setup time       -(0.198)                 26.134  
----------------------------------------  -----------------  ---------------  --------  ---------------------  ------  
Required Time                                                                                          26.134  
Arrival Time                                                                                        -(24.227)  
----------------------------------------  -----------------  ---------------  --------  ---------------------  ------  
Path Slack  (Passed)                                                                                    1.906  




++++ Path 7 ++++++++++++++++++++++++++++++++++++++++++++++++++++++++++ 

Path Begin       : u_scanner/u_scan_ctr/count_178__i2/Q  (SLICE_R18C11B)
Path End         : u_scanner/u_scan_ctr/count_178__i25/D  (SLICE_R16C14A)
Source Clock     : clk (R)
Destination Clock: clk (R)
Logic Level      : 26
Delay Ratio      : 44.8% (route), 55.2% (logic)
Clock Skew       : 0.000 ns 
Setup Constraint : 20.833 ns 
Path Slack       : 4.774 ns  (Passed)


Source Clock Path
Name                                      Cell/Site Name     Delay Name           Incr      Arrival/Required Time  Fanout  
----------------------------------------  -----------------  -------------------  --------  ---------------------  ------  
hf_osc/CLKHF                              HFOSC_HFOSC_R1C32  CLOCK LATENCY           0.000                  0.000  52      
u_col_sync/clk                                               NET DELAY               5.499                  5.499  52      
{u_scanner/u_scan_ctr/count_178__i3/CK   u_scanner/u_scan_ctr/count_178__i2/CK}
                                                             CLOCK PIN               0.000                  5.499  1       


Data Path
Name                                      Cell/Site Name     Delay Name           Incr      Arrival/Required Time  Fanout  
----------------------------------------  -----------------  -------------------  --------  ---------------------  ------  
u_scanner/u_scan_ctr/count_178__i2/CK->u_scanner/u_scan_ctr/count_178__i2/Q
                                          SLICE_R18C11B      CLK_TO_Q1_DELAY         1.388                  6.887  2       
u_scanner/u_scan_ctr/n24                                     NET DELAY               2.617                  9.504  2       
u_scanner/u_scan_ctr/count_178_add_4_3/C0->u_scanner/u_scan_ctr/count_178_add_4_3/CO0
                                          SLICE_R17C11B      C0_TO_COUT0_DELAY       0.343                  9.847  2       
u_scanner/u_scan_ctr/n3099                                   NET DELAY               0.000                  9.847  2       
u_scanner/u_scan_ctr/count_178_add_4_3/CI1->u_scanner/u_scan_ctr/count_178_add_4_3/CO1
                                          SLICE_R17C11B      CIN1_TO_COUT1_DELAY     0.277                 10.124  2       
u_scanner/u_scan_ctr/n1848                                   NET DELAY               0.000                 10.124  2       
u_scanner/u_scan_ctr/count_178_add_4_5/CI0->u_scanner/u_scan_ctr/count_178_add_4_5/CO0
                                          SLICE_R17C11C      CIN0_TO_COUT0_DELAY     0.277                 10.401  2       
u_scanner/u_scan_ctr/n3102                                   NET DELAY               0.000                 10.401  2       
u_scanner/u_scan_ctr/count_178_add_4_5/CI1->u_scanner/u_scan_ctr/count_178_add_4_5/CO1
                                          SLICE_R17C11C      CIN1_TO_COUT1_DELAY     0.277                 10.678  2       
u_scanner/u_scan_ctr/n1850                                   NET DELAY               0.000                 10.678  2       
u_scanner/u_scan_ctr/count_178_add_4_7/CI0->u_scanner/u_scan_ctr/count_178_add_4_7/CO0
                                          SLICE_R17C11D      CIN0_TO_COUT0_DELAY     0.277                 10.955  2       
u_scanner/u_scan_ctr/n3105                                   NET DELAY               0.000                 10.955  2       
u_scanner/u_scan_ctr/count_178_add_4_7/CI1->u_scanner/u_scan_ctr/count_178_add_4_7/CO1
                                          SLICE_R17C11D      CIN1_TO_COUT1_DELAY     0.277                 11.232  2       
u_scanner/u_scan_ctr/n1852                                   NET DELAY               0.555                 11.787  2       
u_scanner/u_scan_ctr/count_178_add_4_9/CI0->u_scanner/u_scan_ctr/count_178_add_4_9/CO0
                                          SLICE_R17C12A      CIN0_TO_COUT0_DELAY     0.277                 12.064  2       
u_scanner/u_scan_ctr/n3108                                   NET DELAY               0.000                 12.064  2       
u_scanner/u_scan_ctr/count_178_add_4_9/CI1->u_scanner/u_scan_ctr/count_178_add_4_9/CO1
                                          SLICE_R17C12A      CIN1_TO_COUT1_DELAY     0.277                 12.341  2       
u_scanner/u_scan_ctr/n1854                                   NET DELAY               0.000                 12.341  2       
u_scanner/u_scan_ctr/count_178_add_4_11/CI0->u_scanner/u_scan_ctr/count_178_add_4_11/CO0
                                          SLICE_R17C12B      CIN0_TO_COUT0_DELAY     0.277                 12.618  2       
u_scanner/u_scan_ctr/n3111                                   NET DELAY               0.000                 12.618  2       
u_scanner/u_scan_ctr/count_178_add_4_11/CI1->u_scanner/u_scan_ctr/count_178_add_4_11/CO1
                                          SLICE_R17C12B      CIN1_TO_COUT1_DELAY     0.277                 12.895  2       
u_scanner/u_scan_ctr/n1856                                   NET DELAY               0.000                 12.895  2       
u_scanner/u_scan_ctr/count_178_add_4_13/CI0->u_scanner/u_scan_ctr/count_178_add_4_13/CO0
                                          SLICE_R17C12C      CIN0_TO_COUT0_DELAY     0.277                 13.172  2       
u_scanner/u_scan_ctr/n3114                                   NET DELAY               0.000                 13.172  2       
u_scanner/u_scan_ctr/count_178_add_4_13/CI1->u_scanner/u_scan_ctr/count_178_add_4_13/CO1
                                          SLICE_R17C12C      CIN1_TO_COUT1_DELAY     0.277                 13.449  2       
u_scanner/u_scan_ctr/n1858                                   NET DELAY               0.000                 13.449  2       
u_scanner/u_scan_ctr/count_178_add_4_15/CI0->u_scanner/u_scan_ctr/count_178_add_4_15/CO0
                                          SLICE_R17C12D      CIN0_TO_COUT0_DELAY     0.277                 13.726  2       
u_scanner/u_scan_ctr/n3117                                   NET DELAY               0.000                 13.726  2       
u_scanner/u_scan_ctr/count_178_add_4_15/CI1->u_scanner/u_scan_ctr/count_178_add_4_15/CO1
                                          SLICE_R17C12D      CIN1_TO_COUT1_DELAY     0.277                 14.003  2       
u_scanner/u_scan_ctr/n1860                                   NET DELAY               0.555                 14.558  2       
u_scanner/u_scan_ctr/count_178_add_4_17/CI0->u_scanner/u_scan_ctr/count_178_add_4_17/CO0
                                          SLICE_R17C13A      CIN0_TO_COUT0_DELAY     0.277                 14.835  2       
u_scanner/u_scan_ctr/n3120                                   NET DELAY               0.000                 14.835  2       
u_scanner/u_scan_ctr/count_178_add_4_17/CI1->u_scanner/u_scan_ctr/count_178_add_4_17/CO1
                                          SLICE_R17C13A      CIN1_TO_COUT1_DELAY     0.277                 15.112  2       
u_scanner/u_scan_ctr/n1862                                   NET DELAY               0.000                 15.112  2       
u_scanner/u_scan_ctr/count_178_add_4_19/CI0->u_scanner/u_scan_ctr/count_178_add_4_19/CO0
                                          SLICE_R17C13B      CIN0_TO_COUT0_DELAY     0.277                 15.389  2       
u_scanner/u_scan_ctr/n3123                                   NET DELAY               0.000                 15.389  2       
u_scanner/u_scan_ctr/count_178_add_4_19/CI1->u_scanner/u_scan_ctr/count_178_add_4_19/CO1
                                          SLICE_R17C13B      CIN1_TO_COUT1_DELAY     0.277                 15.666  2       
u_scanner/u_scan_ctr/n1864                                   NET DELAY               0.000                 15.666  2       
u_scanner/u_scan_ctr/count_178_add_4_21/CI0->u_scanner/u_scan_ctr/count_178_add_4_21/CO0
                                          SLICE_R17C13C      CIN0_TO_COUT0_DELAY     0.277                 15.943  2       
u_scanner/u_scan_ctr/n3126                                   NET DELAY               0.000                 15.943  2       
u_scanner/u_scan_ctr/count_178_add_4_21/CI1->u_scanner/u_scan_ctr/count_178_add_4_21/CO1
                                          SLICE_R17C13C      CIN1_TO_COUT1_DELAY     0.277                 16.220  2       
u_scanner/u_scan_ctr/n1866                                   NET DELAY               0.000                 16.220  2       
u_scanner/u_scan_ctr/count_178_add_4_23/CI0->u_scanner/u_scan_ctr/count_178_add_4_23/CO0
                                          SLICE_R17C13D      CIN0_TO_COUT0_DELAY     0.277                 16.497  2       
u_scanner/u_scan_ctr/n3129                                   NET DELAY               0.000                 16.497  2       
u_scanner/u_scan_ctr/count_178_add_4_23/CI1->u_scanner/u_scan_ctr/count_178_add_4_23/CO1
                                          SLICE_R17C13D      CIN1_TO_COUT1_DELAY     0.277                 16.774  2       
u_scanner/u_scan_ctr/n1868                                   NET DELAY               0.555                 17.329  2       
u_scanner/u_scan_ctr/count_178_add_4_25/CI0->u_scanner/u_scan_ctr/count_178_add_4_25/CO0
                                          SLICE_R17C14A      CIN0_TO_COUT0_DELAY     0.277                 17.606  2       
u_scanner/u_scan_ctr/n3132                                   NET DELAY               0.661                 18.267  2       
u_scanner/u_scan_ctr/count_178_add_4_25/D1->u_scanner/u_scan_ctr/count_178_add_4_25/S1
                                          SLICE_R17C14A      D1_TO_F1_DELAY          0.449                 18.716  1       
u_scanner/u_scan_ctr/n80[24]                                 NET DELAY               2.168                 20.884  1       
u_scanner/u_scan_ctr/i1014_2_lut/A->u_scanner/u_scan_ctr/i1014_2_lut/Z
                                          SLICE_R16C14A      D0_TO_F0_DELAY          0.476                 21.360  1       
u_scanner/u_scan_ctr/n106[24]                                NET DELAY               0.000                 21.360  1       
u_scanner/u_scan_ctr/count_178__i25/D                        ENDPOINT                0.000                 21.360  1       


Destination Clock Path
Name                                      Cell/Site Name     Delay Name           Incr      Arrival/Required Time  Fanout  
----------------------------------------  -----------------  -------------------  --------  ---------------------  ------  
                                                             CONSTRAINT              0.000                 20.833  1       
hf_osc/CLKHF                              HFOSC_HFOSC_R1C32  CLOCK LATENCY           0.000                 20.833  52      
u_col_sync/clk                                               NET DELAY               5.499                 26.332  52      
{u_scanner/u_scan_ctr/count_178__i25/CK   u_scanner/u_scan_ctr/count_178__i24/CK}
                                                             CLOCK PIN               0.000                 26.332  1       
                                                             Uncertainty          -(0.000)                 26.332  
                                                             Setup time           -(0.198)                 26.134  
----------------------------------------  -----------------  -------------------  --------  ---------------------  ------  
Required Time                                                                                              26.134  
Arrival Time                                                                                            -(21.359)  
----------------------------------------  -----------------  -------------------  --------  ---------------------  ------  
Path Slack  (Passed)                                                                                        4.774  




++++ Path 8 ++++++++++++++++++++++++++++++++++++++++++++++++++++++++++ 

Path Begin       : u_scanner/u_scan_ctr/count_178__i17/Q  (SLICE_R18C13A)
Path End         : rows_i2/D  (SLICE_R15C14B)
Source Clock     : clk (R)
Destination Clock: clk (R)
Logic Level      : 8
Delay Ratio      : 70.3% (route), 29.7% (logic)
Clock Skew       : 0.000 ns 
Setup Constraint : 20.833 ns 
Path Slack       : 5.012 ns  (Passed)


Source Clock Path
Name                                      Cell/Site Name     Delay Name       Incr      Arrival/Required Time  Fanout  
----------------------------------------  -----------------  ---------------  --------  ---------------------  ------  
hf_osc/CLKHF                              HFOSC_HFOSC_R1C32  CLOCK LATENCY       0.000                  0.000  52      
u_col_sync/clk                                               NET DELAY           5.499                  5.499  52      
{u_scanner/u_scan_ctr/count_178__i17/CK   u_scanner/u_scan_ctr/count_178__i16/CK}
                                                             CLOCK PIN           0.000                  5.499  1       


Data Path
Name                                      Cell/Site Name     Delay Name       Incr      Arrival/Required Time  Fanout  
----------------------------------------  -----------------  ---------------  --------  ---------------------  ------  
u_scanner/u_scan_ctr/count_178__i17/CK->u_scanner/u_scan_ctr/count_178__i17/Q
                                          SLICE_R18C13A      CLK_TO_Q0_DELAY     1.388                  6.887  4       
u_scanner/u_scan_ctr/count[16]                               NET DELAY           2.868                  9.755  4       
u_scanner/u_scan_ctr/i1070_2_lut_4_lut/D->u_scanner/u_scan_ctr/i1070_2_lut_4_lut/Z
                                          SLICE_R15C13A      D1_TO_F1_DELAY      0.449                 10.204  4       
u_scanner/u_scan_ctr/n1359                                   NET DELAY           2.485                 12.689  4       
u_scanner/u_scan_ctr/i2045_4_lut/A->u_scanner/u_scan_ctr/i2045_4_lut/Z
                                          SLICE_R15C13C      B0_TO_F0_DELAY      0.476                 13.165  1       
u_scanner/u_scan_ctr/n2537                                   NET DELAY           0.304                 13.469  1       
u_scanner/u_scan_ctr/i59_4_lut/B->u_scanner/u_scan_ctr/i59_4_lut/Z
                                          SLICE_R15C13C      C1_TO_F1_DELAY      0.476                 13.945  1       
u_scanner/u_scan_ctr/n1391                                   NET DELAY           0.304                 14.249  1       
u_scanner/u_scan_ctr/i61_4_lut/B->u_scanner/u_scan_ctr/i61_4_lut/Z
                                          SLICE_R15C13D      C0_TO_F0_DELAY      0.476                 14.725  1       
u_scanner/u_scan_ctr/n1395                                   NET DELAY           0.304                 15.029  1       
u_scanner/u_scan_ctr/i62_3_lut/B->u_scanner/u_scan_ctr/i62_3_lut/Z
                                          SLICE_R15C13D      C1_TO_F1_DELAY      0.449                 15.478  2       
u_scanner/u_scan_ctr/n1397                                   NET DELAY           2.168                 17.646  2       
u_scanner/u_scan_ctr/i1104_4_lut/C->u_scanner/u_scan_ctr/i1104_4_lut/Z
                                          SLICE_R15C14A      D1_TO_F1_DELAY      0.449                 18.095  1       
u_scanner/u_scan_ctr/rows_raw[3]                             NET DELAY           2.551                 20.646  1       
u_scanner/i1_4_lut/B->u_scanner/i1_4_lut/Z
                                          SLICE_R15C14B      A1_TO_F1_DELAY      0.476                 21.122  1       
u_scanner/rows_raw[2]                                        NET DELAY           0.000                 21.122  1       
rows_i2/D                                                    ENDPOINT            0.000                 21.122  1       


Destination Clock Path
Name                                      Cell/Site Name     Delay Name       Incr      Arrival/Required Time  Fanout  
----------------------------------------  -----------------  ---------------  --------  ---------------------  ------  
                                                             CONSTRAINT          0.000                 20.833  1       
hf_osc/CLKHF                              HFOSC_HFOSC_R1C32  CLOCK LATENCY       0.000                 20.833  52      
u_col_sync/clk                                               NET DELAY           5.499                 26.332  52      
{rows_i3/CK   rows_i2/CK}                                    CLOCK PIN           0.000                 26.332  1       
                                                             Uncertainty      -(0.000)                 26.332  
                                                             Setup time       -(0.198)                 26.134  
----------------------------------------  -----------------  ---------------  --------  ---------------------  ------  
Required Time                                                                                          26.134  
Arrival Time                                                                                        -(21.121)  
----------------------------------------  -----------------  ---------------  --------  ---------------------  ------  
Path Slack  (Passed)                                                                                    5.012  




++++ Path 9 ++++++++++++++++++++++++++++++++++++++++++++++++++++++++++ 

Path Begin       : u_scanner/u_scan_ctr/count_178__i2/Q  (SLICE_R18C11B)
Path End         : u_scanner/u_scan_ctr/count_178__i24/D  (SLICE_R16C14A)
Source Clock     : clk (R)
Destination Clock: clk (R)
Logic Level      : 25
Delay Ratio      : 45.6% (route), 54.4% (logic)
Clock Skew       : 0.000 ns 
Setup Constraint : 20.833 ns 
Path Slack       : 5.051 ns  (Passed)


Source Clock Path
Name                                      Cell/Site Name     Delay Name           Incr      Arrival/Required Time  Fanout  
----------------------------------------  -----------------  -------------------  --------  ---------------------  ------  
hf_osc/CLKHF                              HFOSC_HFOSC_R1C32  CLOCK LATENCY           0.000                  0.000  52      
u_col_sync/clk                                               NET DELAY               5.499                  5.499  52      
{u_scanner/u_scan_ctr/count_178__i3/CK   u_scanner/u_scan_ctr/count_178__i2/CK}
                                                             CLOCK PIN               0.000                  5.499  1       


Data Path
Name                                      Cell/Site Name     Delay Name           Incr      Arrival/Required Time  Fanout  
----------------------------------------  -----------------  -------------------  --------  ---------------------  ------  
u_scanner/u_scan_ctr/count_178__i2/CK->u_scanner/u_scan_ctr/count_178__i2/Q
                                          SLICE_R18C11B      CLK_TO_Q1_DELAY         1.388                  6.887  2       
u_scanner/u_scan_ctr/n24                                     NET DELAY               2.617                  9.504  2       
u_scanner/u_scan_ctr/count_178_add_4_3/C0->u_scanner/u_scan_ctr/count_178_add_4_3/CO0
                                          SLICE_R17C11B      C0_TO_COUT0_DELAY       0.343                  9.847  2       
u_scanner/u_scan_ctr/n3099                                   NET DELAY               0.000                  9.847  2       
u_scanner/u_scan_ctr/count_178_add_4_3/CI1->u_scanner/u_scan_ctr/count_178_add_4_3/CO1
                                          SLICE_R17C11B      CIN1_TO_COUT1_DELAY     0.277                 10.124  2       
u_scanner/u_scan_ctr/n1848                                   NET DELAY               0.000                 10.124  2       
u_scanner/u_scan_ctr/count_178_add_4_5/CI0->u_scanner/u_scan_ctr/count_178_add_4_5/CO0
                                          SLICE_R17C11C      CIN0_TO_COUT0_DELAY     0.277                 10.401  2       
u_scanner/u_scan_ctr/n3102                                   NET DELAY               0.000                 10.401  2       
u_scanner/u_scan_ctr/count_178_add_4_5/CI1->u_scanner/u_scan_ctr/count_178_add_4_5/CO1
                                          SLICE_R17C11C      CIN1_TO_COUT1_DELAY     0.277                 10.678  2       
u_scanner/u_scan_ctr/n1850                                   NET DELAY               0.000                 10.678  2       
u_scanner/u_scan_ctr/count_178_add_4_7/CI0->u_scanner/u_scan_ctr/count_178_add_4_7/CO0
                                          SLICE_R17C11D      CIN0_TO_COUT0_DELAY     0.277                 10.955  2       
u_scanner/u_scan_ctr/n3105                                   NET DELAY               0.000                 10.955  2       
u_scanner/u_scan_ctr/count_178_add_4_7/CI1->u_scanner/u_scan_ctr/count_178_add_4_7/CO1
                                          SLICE_R17C11D      CIN1_TO_COUT1_DELAY     0.277                 11.232  2       
u_scanner/u_scan_ctr/n1852                                   NET DELAY               0.555                 11.787  2       
u_scanner/u_scan_ctr/count_178_add_4_9/CI0->u_scanner/u_scan_ctr/count_178_add_4_9/CO0
                                          SLICE_R17C12A      CIN0_TO_COUT0_DELAY     0.277                 12.064  2       
u_scanner/u_scan_ctr/n3108                                   NET DELAY               0.000                 12.064  2       
u_scanner/u_scan_ctr/count_178_add_4_9/CI1->u_scanner/u_scan_ctr/count_178_add_4_9/CO1
                                          SLICE_R17C12A      CIN1_TO_COUT1_DELAY     0.277                 12.341  2       
u_scanner/u_scan_ctr/n1854                                   NET DELAY               0.000                 12.341  2       
u_scanner/u_scan_ctr/count_178_add_4_11/CI0->u_scanner/u_scan_ctr/count_178_add_4_11/CO0
                                          SLICE_R17C12B      CIN0_TO_COUT0_DELAY     0.277                 12.618  2       
u_scanner/u_scan_ctr/n3111                                   NET DELAY               0.000                 12.618  2       
u_scanner/u_scan_ctr/count_178_add_4_11/CI1->u_scanner/u_scan_ctr/count_178_add_4_11/CO1
                                          SLICE_R17C12B      CIN1_TO_COUT1_DELAY     0.277                 12.895  2       
u_scanner/u_scan_ctr/n1856                                   NET DELAY               0.000                 12.895  2       
u_scanner/u_scan_ctr/count_178_add_4_13/CI0->u_scanner/u_scan_ctr/count_178_add_4_13/CO0
                                          SLICE_R17C12C      CIN0_TO_COUT0_DELAY     0.277                 13.172  2       
u_scanner/u_scan_ctr/n3114                                   NET DELAY               0.000                 13.172  2       
u_scanner/u_scan_ctr/count_178_add_4_13/CI1->u_scanner/u_scan_ctr/count_178_add_4_13/CO1
                                          SLICE_R17C12C      CIN1_TO_COUT1_DELAY     0.277                 13.449  2       
u_scanner/u_scan_ctr/n1858                                   NET DELAY               0.000                 13.449  2       
u_scanner/u_scan_ctr/count_178_add_4_15/CI0->u_scanner/u_scan_ctr/count_178_add_4_15/CO0
                                          SLICE_R17C12D      CIN0_TO_COUT0_DELAY     0.277                 13.726  2       
u_scanner/u_scan_ctr/n3117                                   NET DELAY               0.000                 13.726  2       
u_scanner/u_scan_ctr/count_178_add_4_15/CI1->u_scanner/u_scan_ctr/count_178_add_4_15/CO1
                                          SLICE_R17C12D      CIN1_TO_COUT1_DELAY     0.277                 14.003  2       
u_scanner/u_scan_ctr/n1860                                   NET DELAY               0.555                 14.558  2       
u_scanner/u_scan_ctr/count_178_add_4_17/CI0->u_scanner/u_scan_ctr/count_178_add_4_17/CO0
                                          SLICE_R17C13A      CIN0_TO_COUT0_DELAY     0.277                 14.835  2       
u_scanner/u_scan_ctr/n3120                                   NET DELAY               0.000                 14.835  2       
u_scanner/u_scan_ctr/count_178_add_4_17/CI1->u_scanner/u_scan_ctr/count_178_add_4_17/CO1
                                          SLICE_R17C13A      CIN1_TO_COUT1_DELAY     0.277                 15.112  2       
u_scanner/u_scan_ctr/n1862                                   NET DELAY               0.000                 15.112  2       
u_scanner/u_scan_ctr/count_178_add_4_19/CI0->u_scanner/u_scan_ctr/count_178_add_4_19/CO0
                                          SLICE_R17C13B      CIN0_TO_COUT0_DELAY     0.277                 15.389  2       
u_scanner/u_scan_ctr/n3123                                   NET DELAY               0.000                 15.389  2       
u_scanner/u_scan_ctr/count_178_add_4_19/CI1->u_scanner/u_scan_ctr/count_178_add_4_19/CO1
                                          SLICE_R17C13B      CIN1_TO_COUT1_DELAY     0.277                 15.666  2       
u_scanner/u_scan_ctr/n1864                                   NET DELAY               0.000                 15.666  2       
u_scanner/u_scan_ctr/count_178_add_4_21/CI0->u_scanner/u_scan_ctr/count_178_add_4_21/CO0
                                          SLICE_R17C13C      CIN0_TO_COUT0_DELAY     0.277                 15.943  2       
u_scanner/u_scan_ctr/n3126                                   NET DELAY               0.000                 15.943  2       
u_scanner/u_scan_ctr/count_178_add_4_21/CI1->u_scanner/u_scan_ctr/count_178_add_4_21/CO1
                                          SLICE_R17C13C      CIN1_TO_COUT1_DELAY     0.277                 16.220  2       
u_scanner/u_scan_ctr/n1866                                   NET DELAY               0.000                 16.220  2       
u_scanner/u_scan_ctr/count_178_add_4_23/CI0->u_scanner/u_scan_ctr/count_178_add_4_23/CO0
                                          SLICE_R17C13D      CIN0_TO_COUT0_DELAY     0.277                 16.497  2       
u_scanner/u_scan_ctr/n3129                                   NET DELAY               0.000                 16.497  2       
u_scanner/u_scan_ctr/count_178_add_4_23/CI1->u_scanner/u_scan_ctr/count_178_add_4_23/CO1
                                          SLICE_R17C13D      CIN1_TO_COUT1_DELAY     0.277                 16.774  2       
u_scanner/u_scan_ctr/n1868                                   NET DELAY               1.216                 17.990  2       
u_scanner/u_scan_ctr/count_178_add_4_25/D0->u_scanner/u_scan_ctr/count_178_add_4_25/S0
                                          SLICE_R17C14A      D0_TO_F0_DELAY          0.449                 18.439  1       
u_scanner/u_scan_ctr/n80[23]                                 NET DELAY               2.168                 20.607  1       
u_scanner/u_scan_ctr/i1015_2_lut/A->u_scanner/u_scan_ctr/i1015_2_lut/Z
                                          SLICE_R16C14A      D1_TO_F1_DELAY          0.476                 21.083  1       
u_scanner/u_scan_ctr/n106[23]                                NET DELAY               0.000                 21.083  1       
u_scanner/u_scan_ctr/count_178__i24/D                        ENDPOINT                0.000                 21.083  1       


Destination Clock Path
Name                                      Cell/Site Name     Delay Name           Incr      Arrival/Required Time  Fanout  
----------------------------------------  -----------------  -------------------  --------  ---------------------  ------  
                                                             CONSTRAINT              0.000                 20.833  1       
hf_osc/CLKHF                              HFOSC_HFOSC_R1C32  CLOCK LATENCY           0.000                 20.833  52      
u_col_sync/clk                                               NET DELAY               5.499                 26.332  52      
{u_scanner/u_scan_ctr/count_178__i25/CK   u_scanner/u_scan_ctr/count_178__i24/CK}
                                                             CLOCK PIN               0.000                 26.332  1       
                                                             Uncertainty          -(0.000)                 26.332  
                                                             Setup time           -(0.198)                 26.134  
----------------------------------------  -----------------  -------------------  --------  ---------------------  ------  
Required Time                                                                                              26.134  
Arrival Time                                                                                            -(21.082)  
----------------------------------------  -----------------  -------------------  --------  ---------------------  ------  
Path Slack  (Passed)                                                                                        5.051  




++++ Path 10 ++++++++++++++++++++++++++++++++++++++++++++++++++++++++++ 

Path Begin       : u_scanner/u_scan_ctr/count_178__i13/Q  (SLICE_R18C12D)
Path End         : rows_i0/D  (SLICE_R15C10A)
Source Clock     : clk (R)
Destination Clock: clk (R)
Logic Level      : 6
Delay Ratio      : 76.2% (route), 23.8% (logic)
Clock Skew       : 0.000 ns 
Setup Constraint : 20.833 ns 
Path Slack       : 5.118 ns  (Passed)


Source Clock Path
Name                                      Cell/Site Name     Delay Name       Incr      Arrival/Required Time  Fanout  
----------------------------------------  -----------------  ---------------  --------  ---------------------  ------  
hf_osc/CLKHF                              HFOSC_HFOSC_R1C32  CLOCK LATENCY       0.000                  0.000  52      
u_col_sync/clk                                               NET DELAY           5.499                  5.499  52      
{u_scanner/u_scan_ctr/count_178__i13/CK   u_scanner/u_scan_ctr/count_178__i12/CK}
                                                             CLOCK PIN           0.000                  5.499  1       


Data Path
Name                                      Cell/Site Name     Delay Name       Incr      Arrival/Required Time  Fanout  
----------------------------------------  -----------------  ---------------  --------  ---------------------  ------  
u_scanner/u_scan_ctr/count_178__i13/CK->u_scanner/u_scan_ctr/count_178__i13/Q
                                          SLICE_R18C12D      CLK_TO_Q0_DELAY     1.388                  6.887  6       
u_scanner/u_scan_ctr/count[12]                               NET DELAY           3.463                 10.350  6       
u_scanner/u_scan_ctr/i2_2_lut/B->u_scanner/u_scan_ctr/i2_2_lut/Z
                                          SLICE_R15C11C      D0_TO_F0_DELAY      0.449                 10.799  1       
u_scanner/u_scan_ctr/n6                                      NET DELAY           2.485                 13.284  1       
u_scanner/u_scan_ctr/i1_4_lut/C->u_scanner/u_scan_ctr/i1_4_lut/Z
                                          SLICE_R15C12B      B0_TO_F0_DELAY      0.476                 13.760  1       
u_scanner/u_scan_ctr/n4                                      NET DELAY           0.304                 14.064  1       
u_scanner/u_scan_ctr/i1_4_lut_adj_5/D->u_scanner/u_scan_ctr/i1_4_lut_adj_5/Z
                                          SLICE_R15C12B      C1_TO_F1_DELAY      0.449                 14.513  1       
u_scanner/u_scan_ctr/n4_adj_155                              NET DELAY           2.551                 17.064  1       
u_scanner/u_scan_ctr/i992_4_lut/D->u_scanner/u_scan_ctr/i992_4_lut/Z
                                          SLICE_R15C12C      A1_TO_F1_DELAY      0.449                 17.513  2       
u_scanner/u_scan_ctr/n1167                                   NET DELAY           3.027                 20.540  2       
u_scanner/u_scan_ctr/i2168_3_lut/A->u_scanner/u_scan_ctr/i2168_3_lut/Z
                                          SLICE_R15C10A      C1_TO_F1_DELAY      0.476                 21.016  1       
u_scanner/u_scan_ctr/rows_raw[0]                             NET DELAY           0.000                 21.016  1       
rows_i0/D                                                    ENDPOINT            0.000                 21.016  1       


Destination Clock Path
Name                                      Cell/Site Name     Delay Name       Incr      Arrival/Required Time  Fanout  
----------------------------------------  -----------------  ---------------  --------  ---------------------  ------  
                                                             CONSTRAINT          0.000                 20.833  1       
hf_osc/CLKHF                              HFOSC_HFOSC_R1C32  CLOCK LATENCY       0.000                 20.833  52      
u_col_sync/clk                                               NET DELAY           5.499                 26.332  52      
{rows_i1/CK   rows_i0/CK}                                    CLOCK PIN           0.000                 26.332  1       
                                                             Uncertainty      -(0.000)                 26.332  
                                                             Setup time       -(0.198)                 26.134  
----------------------------------------  -----------------  ---------------  --------  ---------------------  ------  
Required Time                                                                                          26.134  
Arrival Time                                                                                        -(21.015)  
----------------------------------------  -----------------  ---------------  --------  ---------------------  ------  
Path Slack  (Passed)                                                                                    5.118  



+++++++++++++++++++++++++++++++++++++++++++++++++++++++++++++++++++++ 
                    End of Detailed Report for timing paths 
+++++++++++++++++++++++++++++++++++++++++++++++++++++++++++++++++++++ 


##########################################################



===============================================================
3  Hold at Speed Grade m Corner at -40 Degrees
===============================================================

3.1  Endpoint slacks
=======================
-------------------------------------------------------
          Listing 10 End Points          |    Slack    
-------------------------------------------------------
u_debouncer/candidate_i0_i0/D            |    1.743 ns 
u_debouncer/q_i0_i3/D                    |    1.743 ns 
u_debouncer/q_i0_i2/D                    |    1.743 ns 
u_debouncer/q_i0_i0/D                    |    1.743 ns 
u_debouncer/q_i0_i1/D                    |    1.743 ns 
u_debouncer/state_FSM_i2/D               |    1.743 ns 
u_key_control/state_FSM_i0_i2/D          |    1.743 ns 
u_key_control/state_FSM_i0_i1/D          |    1.743 ns 
u_digit_reg/digit_right_i0_i0/D          |    1.743 ns 
rows_i2/D                                |    1.743 ns 
-------------------------------------------------------
                                         |             
Hold # of endpoints with negative slack: |           0 
                                         |             
-------------------------------------------------------

3.2  Detailed Report
=======================


XXXXXXXXXXXXXXXXXXXXXXXXXXXXXXXXXXXXXXXXXXXXXXXXXXXXXXXXXX

Detail report of critical paths

XXXXXXXXXXXXXXXXXXXXXXXXXXXXXXXXXXXXXXXXXXXXXXXXXXXXXXXXXX

+++++++++++++++++++++++++++++++++++++++++++++++++++++++++++++++++++++ 
                    Detailed Report for timing paths 
+++++++++++++++++++++++++++++++++++++++++++++++++++++++++++++++++++++ 

++++ Path 1 ++++++++++++++++++++++++++++++++++++++++++++++++++++++++++ 

Path Begin       : u_col_sync/q_i0/Q  (SLICE_R19C7C)
Path End         : u_debouncer/candidate_i0_i0/D  (SLICE_R18C7D)
Source Clock     : clk (R)
Destination Clock: clk (R)
Logic Level      : 2
Delay Ratio      : 40.8% (route), 59.2% (logic)
Clock Skew       : 0.000 ns 
Hold Constraint  : 0.000 ns 
Path Slack       : 1.743 ns  (Passed)


Source Clock Path
Name                                      Cell/Site Name     Delay Name       Incr   Arrival/Required Time  Fanout  
----------------------------------------  -----------------  ---------------  -----  ---------------------  ------  
hf_osc/CLKHF                              HFOSC_HFOSC_R1C32  CLOCK LATENCY    0.000                  0.000  53      
u_col_sync/clk                                               NET DELAY        3.084                  3.084  53      
{u_col_sync/q_i0/CK   u_col_sync/q_i1/CK}
                                                             CLOCK PIN        0.000                  3.084  1       


Data Path
Name                                      Cell/Site Name     Delay Name       Incr   Arrival/Required Time  Fanout  
----------------------------------------  -----------------  ---------------  -----  ---------------------  ------  
u_col_sync/q_i0/CK->u_col_sync/q_i0/Q     SLICE_R19C7C       CLK_TO_Q0_DELAY  0.779                  3.863  3       
u_col_sync/cols_sync[0]                                      NET DELAY        0.712                  4.575  3       
SLICE_103/D1->SLICE_103/F1                SLICE_R18C7D       D1_TO_F1_DELAY   0.252                  4.827  1       
cols_sync[0].sig_011.FeedThruLUT                             NET DELAY        0.000                  4.827  1       
u_debouncer/candidate_i0_i0/D                                ENDPOINT         0.000                  4.827  1       


Destination Clock Path
Name                                      Cell/Site Name     Delay Name       Incr   Arrival/Required Time  Fanout  
----------------------------------------  -----------------  ---------------  -----  ---------------------  ------  
                                                             CONSTRAINT       0.000                  0.000  1       
hf_osc/CLKHF                              HFOSC_HFOSC_R1C32  CLOCK LATENCY    0.000                  0.000  53      
u_col_sync/clk                                               NET DELAY        3.084                  3.084  53      
{u_debouncer/candidate_i0_i1/CK   u_debouncer/candidate_i0_i0/CK}
                                                             CLOCK PIN        0.000                  3.084  1       
                                                             Uncertainty      0.000                  3.084  
                                                             Hold time        0.000                  3.084  
----------------------------------------  -----------------  ---------------  -----  ---------------------  ------  
Required Time                                                                                       -3.084  
Arrival Time                                                                                         4.827  
----------------------------------------  -----------------  ---------------  -----  ---------------------  ------  
Path Slack  (Passed)                                                                                 1.743  




++++ Path 2 ++++++++++++++++++++++++++++++++++++++++++++++++++++++++++ 

Path Begin       : u_debouncer/candidate_i0_i3/Q  (SLICE_R18C7B)
Path End         : u_debouncer/q_i0_i3/D  (SLICE_R17C8A)
Source Clock     : clk (R)
Destination Clock: clk (R)
Logic Level      : 2
Delay Ratio      : 40.8% (route), 59.2% (logic)
Clock Skew       : 0.000 ns 
Hold Constraint  : 0.000 ns 
Path Slack       : 1.743 ns  (Passed)


Source Clock Path
Name                                      Cell/Site Name     Delay Name       Incr   Arrival/Required Time  Fanout  
----------------------------------------  -----------------  ---------------  -----  ---------------------  ------  
hf_osc/CLKHF                              HFOSC_HFOSC_R1C32  CLOCK LATENCY    0.000                  0.000  53      
u_col_sync/clk                                               NET DELAY        3.084                  3.084  53      
{u_debouncer/candidate_i0_i3/CK   u_debouncer/candidate_i0_i2/CK}
                                                             CLOCK PIN        0.000                  3.084  1       


Data Path
Name                                      Cell/Site Name     Delay Name       Incr   Arrival/Required Time  Fanout  
----------------------------------------  -----------------  ---------------  -----  ---------------------  ------  
u_debouncer/candidate_i0_i3/CK->u_debouncer/candidate_i0_i3/Q
                                          SLICE_R18C7B       CLK_TO_Q0_DELAY  0.779                  3.863  3       
u_debouncer/candidate[3]                                     NET DELAY        0.712                  4.575  3       
u_debouncer.SLICE_96/D0->u_debouncer.SLICE_96/F0
                                          SLICE_R17C8A       D0_TO_F0_DELAY   0.252                  4.827  1       
u_debouncer.candidate[3].sig_005.FeedThruLUT
                                                             NET DELAY        0.000                  4.827  1       
u_debouncer/q_i0_i3/D                                        ENDPOINT         0.000                  4.827  1       


Destination Clock Path
Name                                      Cell/Site Name     Delay Name       Incr   Arrival/Required Time  Fanout  
----------------------------------------  -----------------  ---------------  -----  ---------------------  ------  
                                                             CONSTRAINT       0.000                  0.000  1       
hf_osc/CLKHF                              HFOSC_HFOSC_R1C32  CLOCK LATENCY    0.000                  0.000  53      
u_col_sync/clk                                               NET DELAY        3.084                  3.084  53      
{u_debouncer/q_i0_i3/CK   u_debouncer/q_i0_i2/CK}
                                                             CLOCK PIN        0.000                  3.084  1       
                                                             Uncertainty      0.000                  3.084  
                                                             Hold time        0.000                  3.084  
----------------------------------------  -----------------  ---------------  -----  ---------------------  ------  
Required Time                                                                                       -3.084  
Arrival Time                                                                                         4.827  
----------------------------------------  -----------------  ---------------  -----  ---------------------  ------  
Path Slack  (Passed)                                                                                 1.743  




++++ Path 3 ++++++++++++++++++++++++++++++++++++++++++++++++++++++++++ 

Path Begin       : u_debouncer/candidate_i0_i2/Q  (SLICE_R18C7B)
Path End         : u_debouncer/q_i0_i2/D  (SLICE_R17C8A)
Source Clock     : clk (R)
Destination Clock: clk (R)
Logic Level      : 2
Delay Ratio      : 40.8% (route), 59.2% (logic)
Clock Skew       : 0.000 ns 
Hold Constraint  : 0.000 ns 
Path Slack       : 1.743 ns  (Passed)


Source Clock Path
Name                                      Cell/Site Name     Delay Name       Incr   Arrival/Required Time  Fanout  
----------------------------------------  -----------------  ---------------  -----  ---------------------  ------  
hf_osc/CLKHF                              HFOSC_HFOSC_R1C32  CLOCK LATENCY    0.000                  0.000  53      
u_col_sync/clk                                               NET DELAY        3.084                  3.084  53      
{u_debouncer/candidate_i0_i3/CK   u_debouncer/candidate_i0_i2/CK}
                                                             CLOCK PIN        0.000                  3.084  1       


Data Path
Name                                      Cell/Site Name     Delay Name       Incr   Arrival/Required Time  Fanout  
----------------------------------------  -----------------  ---------------  -----  ---------------------  ------  
u_debouncer/candidate_i0_i2/CK->u_debouncer/candidate_i0_i2/Q
                                          SLICE_R18C7B       CLK_TO_Q1_DELAY  0.779                  3.863  3       
u_debouncer/candidate[2]                                     NET DELAY        0.712                  4.575  3       
u_debouncer.SLICE_96/D1->u_debouncer.SLICE_96/F1
                                          SLICE_R17C8A       D1_TO_F1_DELAY   0.252                  4.827  1       
u_debouncer.candidate[2].sig_006.FeedThruLUT
                                                             NET DELAY        0.000                  4.827  1       
u_debouncer/q_i0_i2/D                                        ENDPOINT         0.000                  4.827  1       


Destination Clock Path
Name                                      Cell/Site Name     Delay Name       Incr   Arrival/Required Time  Fanout  
----------------------------------------  -----------------  ---------------  -----  ---------------------  ------  
                                                             CONSTRAINT       0.000                  0.000  1       
hf_osc/CLKHF                              HFOSC_HFOSC_R1C32  CLOCK LATENCY    0.000                  0.000  53      
u_col_sync/clk                                               NET DELAY        3.084                  3.084  53      
{u_debouncer/q_i0_i3/CK   u_debouncer/q_i0_i2/CK}
                                                             CLOCK PIN        0.000                  3.084  1       
                                                             Uncertainty      0.000                  3.084  
                                                             Hold time        0.000                  3.084  
----------------------------------------  -----------------  ---------------  -----  ---------------------  ------  
Required Time                                                                                       -3.084  
Arrival Time                                                                                         4.827  
----------------------------------------  -----------------  ---------------  -----  ---------------------  ------  
Path Slack  (Passed)                                                                                 1.743  




++++ Path 4 ++++++++++++++++++++++++++++++++++++++++++++++++++++++++++ 

Path Begin       : u_debouncer/candidate_i0_i0/Q  (SLICE_R18C7D)
Path End         : u_debouncer/q_i0_i0/D  (SLICE_R17C8D)
Source Clock     : clk (R)
Destination Clock: clk (R)
Logic Level      : 2
Delay Ratio      : 40.8% (route), 59.2% (logic)
Clock Skew       : 0.000 ns 
Hold Constraint  : 0.000 ns 
Path Slack       : 1.743 ns  (Passed)


Source Clock Path
Name                                      Cell/Site Name     Delay Name       Incr   Arrival/Required Time  Fanout  
----------------------------------------  -----------------  ---------------  -----  ---------------------  ------  
hf_osc/CLKHF                              HFOSC_HFOSC_R1C32  CLOCK LATENCY    0.000                  0.000  53      
u_col_sync/clk                                               NET DELAY        3.084                  3.084  53      
{u_debouncer/candidate_i0_i1/CK   u_debouncer/candidate_i0_i0/CK}
                                                             CLOCK PIN        0.000                  3.084  1       


Data Path
Name                                      Cell/Site Name     Delay Name       Incr   Arrival/Required Time  Fanout  
----------------------------------------  -----------------  ---------------  -----  ---------------------  ------  
u_debouncer/candidate_i0_i0/CK->u_debouncer/candidate_i0_i0/Q
                                          SLICE_R18C7D       CLK_TO_Q1_DELAY  0.779                  3.863  3       
u_debouncer/candidate[0]                                     NET DELAY        0.712                  4.575  3       
u_debouncer.SLICE_75/D0->u_debouncer.SLICE_75/F0
                                          SLICE_R17C8D       D0_TO_F0_DELAY   0.252                  4.827  1       
u_debouncer.candidate[0].sig_004.FeedThruLUT
                                                             NET DELAY        0.000                  4.827  1       
u_debouncer/q_i0_i0/D                                        ENDPOINT         0.000                  4.827  1       


Destination Clock Path
Name                                      Cell/Site Name     Delay Name       Incr   Arrival/Required Time  Fanout  
----------------------------------------  -----------------  ---------------  -----  ---------------------  ------  
                                                             CONSTRAINT       0.000                  0.000  1       
hf_osc/CLKHF                              HFOSC_HFOSC_R1C32  CLOCK LATENCY    0.000                  0.000  53      
u_col_sync/clk                                               NET DELAY        3.084                  3.084  53      
{u_debouncer/q_i0_i0/CK   u_debouncer/q_i0_i1/CK}
                                                             CLOCK PIN        0.000                  3.084  1       
                                                             Uncertainty      0.000                  3.084  
                                                             Hold time        0.000                  3.084  
----------------------------------------  -----------------  ---------------  -----  ---------------------  ------  
Required Time                                                                                       -3.084  
Arrival Time                                                                                         4.827  
----------------------------------------  -----------------  ---------------  -----  ---------------------  ------  
Path Slack  (Passed)                                                                                 1.743  




++++ Path 5 ++++++++++++++++++++++++++++++++++++++++++++++++++++++++++ 

Path Begin       : u_debouncer/candidate_i0_i1/Q  (SLICE_R18C7D)
Path End         : u_debouncer/q_i0_i1/D  (SLICE_R17C8D)
Source Clock     : clk (R)
Destination Clock: clk (R)
Logic Level      : 2
Delay Ratio      : 40.8% (route), 59.2% (logic)
Clock Skew       : 0.000 ns 
Hold Constraint  : 0.000 ns 
Path Slack       : 1.743 ns  (Passed)


Source Clock Path
Name                                      Cell/Site Name     Delay Name       Incr   Arrival/Required Time  Fanout  
----------------------------------------  -----------------  ---------------  -----  ---------------------  ------  
hf_osc/CLKHF                              HFOSC_HFOSC_R1C32  CLOCK LATENCY    0.000                  0.000  53      
u_col_sync/clk                                               NET DELAY        3.084                  3.084  53      
{u_debouncer/candidate_i0_i1/CK   u_debouncer/candidate_i0_i0/CK}
                                                             CLOCK PIN        0.000                  3.084  1       


Data Path
Name                                      Cell/Site Name     Delay Name       Incr   Arrival/Required Time  Fanout  
----------------------------------------  -----------------  ---------------  -----  ---------------------  ------  
u_debouncer/candidate_i0_i1/CK->u_debouncer/candidate_i0_i1/Q
                                          SLICE_R18C7D       CLK_TO_Q0_DELAY  0.779                  3.863  3       
u_debouncer/candidate[1]                                     NET DELAY        0.712                  4.575  3       
u_debouncer.SLICE_75/D1->u_debouncer.SLICE_75/F1
                                          SLICE_R17C8D       D1_TO_F1_DELAY   0.252                  4.827  1       
u_debouncer.candidate[1].sig_007.FeedThruLUT
                                                             NET DELAY        0.000                  4.827  1       
u_debouncer/q_i0_i1/D                                        ENDPOINT         0.000                  4.827  1       


Destination Clock Path
Name                                      Cell/Site Name     Delay Name       Incr   Arrival/Required Time  Fanout  
----------------------------------------  -----------------  ---------------  -----  ---------------------  ------  
                                                             CONSTRAINT       0.000                  0.000  1       
hf_osc/CLKHF                              HFOSC_HFOSC_R1C32  CLOCK LATENCY    0.000                  0.000  53      
u_col_sync/clk                                               NET DELAY        3.084                  3.084  53      
{u_debouncer/q_i0_i0/CK   u_debouncer/q_i0_i1/CK}
                                                             CLOCK PIN        0.000                  3.084  1       
                                                             Uncertainty      0.000                  3.084  
                                                             Hold time        0.000                  3.084  
----------------------------------------  -----------------  ---------------  -----  ---------------------  ------  
Required Time                                                                                       -3.084  
Arrival Time                                                                                         4.827  
----------------------------------------  -----------------  ---------------  -----  ---------------------  ------  
Path Slack  (Passed)                                                                                 1.743  




++++ Path 6 ++++++++++++++++++++++++++++++++++++++++++++++++++++++++++ 

Path Begin       : u_debouncer/state_FSM_i2/Q  (SLICE_R18C9B)
Path End         : u_debouncer/state_FSM_i2/D  (SLICE_R18C9B)
Source Clock     : clk (R)
Destination Clock: clk (R)
Logic Level      : 2
Delay Ratio      : 40.8% (route), 59.2% (logic)
Clock Skew       : 0.000 ns 
Hold Constraint  : 0.000 ns 
Path Slack       : 1.743 ns  (Passed)


Source Clock Path
Name                                      Cell/Site Name     Delay Name       Incr   Arrival/Required Time  Fanout  
----------------------------------------  -----------------  ---------------  -----  ---------------------  ------  
hf_osc/CLKHF                              HFOSC_HFOSC_R1C32  CLOCK LATENCY    0.000                  0.000  53      
u_col_sync/clk                                               NET DELAY        3.084                  3.084  53      
{u_debouncer/state_FSM_i1/CK   u_debouncer/state_FSM_i2/CK}
                                                             CLOCK PIN        0.000                  3.084  1       


Data Path
Name                                      Cell/Site Name     Delay Name       Incr   Arrival/Required Time  Fanout  
----------------------------------------  -----------------  ---------------  -----  ---------------------  ------  
u_debouncer/state_FSM_i2/CK->u_debouncer/state_FSM_i2/Q
                                          SLICE_R18C9B       CLK_TO_Q1_DELAY  0.779                  3.863  4       
u_debouncer/n75[1]                                           NET DELAY        0.712                  4.575  4       
u_debouncer/i366_3_lut_4_lut/A->u_debouncer/i366_3_lut_4_lut/Z
                                          SLICE_R18C9B       D1_TO_F1_DELAY   0.252                  4.827  1       
u_debouncer/n648                                             NET DELAY        0.000                  4.827  1       
u_debouncer/state_FSM_i2/D                                   ENDPOINT         0.000                  4.827  1       


Destination Clock Path
Name                                      Cell/Site Name     Delay Name       Incr   Arrival/Required Time  Fanout  
----------------------------------------  -----------------  ---------------  -----  ---------------------  ------  
                                                             CONSTRAINT       0.000                  0.000  1       
hf_osc/CLKHF                              HFOSC_HFOSC_R1C32  CLOCK LATENCY    0.000                  0.000  53      
u_col_sync/clk                                               NET DELAY        3.084                  3.084  53      
{u_debouncer/state_FSM_i1/CK   u_debouncer/state_FSM_i2/CK}
                                                             CLOCK PIN        0.000                  3.084  1       
                                                             Uncertainty      0.000                  3.084  
                                                             Hold time        0.000                  3.084  
----------------------------------------  -----------------  ---------------  -----  ---------------------  ------  
Required Time                                                                                       -3.084  
Arrival Time                                                                                         4.827  
----------------------------------------  -----------------  ---------------  -----  ---------------------  ------  
Path Slack  (Passed)                                                                                 1.743  




++++ Path 7 ++++++++++++++++++++++++++++++++++++++++++++++++++++++++++ 

Path Begin       : u_key_control/state_FSM_i0_i1/Q  (SLICE_R17C7C)
Path End         : u_key_control/state_FSM_i0_i2/D  (SLICE_R17C7C)
Source Clock     : clk (R)
Destination Clock: clk (R)
Logic Level      : 2
Delay Ratio      : 40.8% (route), 59.2% (logic)
Clock Skew       : 0.000 ns 
Hold Constraint  : 0.000 ns 
Path Slack       : 1.743 ns  (Passed)


Source Clock Path
Name                                      Cell/Site Name     Delay Name       Incr   Arrival/Required Time  Fanout  
----------------------------------------  -----------------  ---------------  -----  ---------------------  ------  
hf_osc/CLKHF                              HFOSC_HFOSC_R1C32  CLOCK LATENCY    0.000                  0.000  53      
u_col_sync/clk                                               NET DELAY        3.084                  3.084  53      
{u_key_control/state_FSM_i0_i2/CK   u_key_control/state_FSM_i0_i1/CK}
                                                             CLOCK PIN        0.000                  3.084  1       


Data Path
Name                                      Cell/Site Name     Delay Name       Incr   Arrival/Required Time  Fanout  
----------------------------------------  -----------------  ---------------  -----  ---------------------  ------  
u_key_control/state_FSM_i0_i1/CK->u_key_control/state_FSM_i0_i1/Q
                                          SLICE_R17C7C       CLK_TO_Q1_DELAY  0.779                  3.863  4       
u_key_control/state[1]                                       NET DELAY        0.712                  4.575  4       
u_key_control/i415_2_lut_3_lut_4_lut/A->u_key_control/i415_2_lut_3_lut_4_lut/Z
                                          SLICE_R17C7C       D0_TO_F0_DELAY   0.252                  4.827  1       
u_key_control/n703                                           NET DELAY        0.000                  4.827  1       
u_key_control/state_FSM_i0_i2/D                              ENDPOINT         0.000                  4.827  1       


Destination Clock Path
Name                                      Cell/Site Name     Delay Name       Incr   Arrival/Required Time  Fanout  
----------------------------------------  -----------------  ---------------  -----  ---------------------  ------  
                                                             CONSTRAINT       0.000                  0.000  1       
hf_osc/CLKHF                              HFOSC_HFOSC_R1C32  CLOCK LATENCY    0.000                  0.000  53      
u_col_sync/clk                                               NET DELAY        3.084                  3.084  53      
{u_key_control/state_FSM_i0_i2/CK   u_key_control/state_FSM_i0_i1/CK}
                                                             CLOCK PIN        0.000                  3.084  1       
                                                             Uncertainty      0.000                  3.084  
                                                             Hold time        0.000                  3.084  
----------------------------------------  -----------------  ---------------  -----  ---------------------  ------  
Required Time                                                                                       -3.084  
Arrival Time                                                                                         4.827  
----------------------------------------  -----------------  ---------------  -----  ---------------------  ------  
Path Slack  (Passed)                                                                                 1.743  




++++ Path 8 ++++++++++++++++++++++++++++++++++++++++++++++++++++++++++ 

Path Begin       : u_key_control/state_FSM_i0_i0/Q  (SLICE_R17C7A)
Path End         : u_key_control/state_FSM_i0_i1/D  (SLICE_R17C7C)
Source Clock     : clk (R)
Destination Clock: clk (R)
Logic Level      : 2
Delay Ratio      : 40.8% (route), 59.2% (logic)
Clock Skew       : 0.000 ns 
Hold Constraint  : 0.000 ns 
Path Slack       : 1.743 ns  (Passed)


Source Clock Path
Name                                      Cell/Site Name     Delay Name       Incr   Arrival/Required Time  Fanout  
----------------------------------------  -----------------  ---------------  -----  ---------------------  ------  
hf_osc/CLKHF                              HFOSC_HFOSC_R1C32  CLOCK LATENCY    0.000                  0.000  53      
u_col_sync/clk                                               NET DELAY        3.084                  3.084  53      
u_key_control/state_FSM_i0_i0/CK                             CLOCK PIN        0.000                  3.084  1       


Data Path
Name                                      Cell/Site Name     Delay Name       Incr   Arrival/Required Time  Fanout  
----------------------------------------  -----------------  ---------------  -----  ---------------------  ------  
u_key_control/state_FSM_i0_i0/CK->u_key_control/state_FSM_i0_i0/Q
                                          SLICE_R17C7A       CLK_TO_Q1_DELAY  0.779                  3.863  4       
u_key_control/state[2]                                       NET DELAY        0.712                  4.575  4       
u_key_control/i414_2_lut_3_lut_4_lut/C->u_key_control/i414_2_lut_3_lut_4_lut/Z
                                          SLICE_R17C7C       D1_TO_F1_DELAY   0.252                  4.827  1       
u_key_control/n701                                           NET DELAY        0.000                  4.827  1       
u_key_control/state_FSM_i0_i1/D                              ENDPOINT         0.000                  4.827  1       


Destination Clock Path
Name                                      Cell/Site Name     Delay Name       Incr   Arrival/Required Time  Fanout  
----------------------------------------  -----------------  ---------------  -----  ---------------------  ------  
                                                             CONSTRAINT       0.000                  0.000  1       
hf_osc/CLKHF                              HFOSC_HFOSC_R1C32  CLOCK LATENCY    0.000                  0.000  53      
u_col_sync/clk                                               NET DELAY        3.084                  3.084  53      
{u_key_control/state_FSM_i0_i2/CK   u_key_control/state_FSM_i0_i1/CK}
                                                             CLOCK PIN        0.000                  3.084  1       
                                                             Uncertainty      0.000                  3.084  
                                                             Hold time        0.000                  3.084  
----------------------------------------  -----------------  ---------------  -----  ---------------------  ------  
Required Time                                                                                       -3.084  
Arrival Time                                                                                         4.827  
----------------------------------------  -----------------  ---------------  -----  ---------------------  ------  
Path Slack  (Passed)                                                                                 1.743  




++++ Path 9 ++++++++++++++++++++++++++++++++++++++++++++++++++++++++++ 

Path Begin       : u_digit_reg/digit_right_i0_i0/Q  (SLICE_R16C8C)
Path End         : u_digit_reg/digit_right_i0_i0/D  (SLICE_R16C8C)
Source Clock     : clk (R)
Destination Clock: clk (R)
Logic Level      : 2
Delay Ratio      : 40.8% (route), 59.2% (logic)
Clock Skew       : 0.000 ns 
Hold Constraint  : 0.000 ns 
Path Slack       : 1.743 ns  (Passed)


Source Clock Path
Name                                      Cell/Site Name     Delay Name       Incr   Arrival/Required Time  Fanout  
----------------------------------------  -----------------  ---------------  -----  ---------------------  ------  
hf_osc/CLKHF                              HFOSC_HFOSC_R1C32  CLOCK LATENCY    0.000                  0.000  53      
u_col_sync/clk                                               NET DELAY        3.084                  3.084  53      
{u_digit_reg/digit_right_i0_i1/CK   u_digit_reg/digit_right_i0_i0/CK}
                                                             CLOCK PIN        0.000                  3.084  1       


Data Path
Name                                      Cell/Site Name     Delay Name       Incr   Arrival/Required Time  Fanout  
----------------------------------------  -----------------  ---------------  -----  ---------------------  ------  
u_digit_reg/digit_right_i0_i0/CK->u_digit_reg/digit_right_i0_i0/Q
                                          SLICE_R16C8C       CLK_TO_Q1_DELAY  0.779                  3.863  4       
u_display_mux/digit_right[0]                                 NET DELAY        0.712                  4.575  4       
u_digit_reg/i481_3_lut/A->u_digit_reg/i481_3_lut/Z
                                          SLICE_R16C8C       D1_TO_F1_DELAY   0.252                  4.827  1       
u_digit_reg/n769                                             NET DELAY        0.000                  4.827  1       
u_digit_reg/digit_right_i0_i0/D                              ENDPOINT         0.000                  4.827  1       


Destination Clock Path
Name                                      Cell/Site Name     Delay Name       Incr   Arrival/Required Time  Fanout  
----------------------------------------  -----------------  ---------------  -----  ---------------------  ------  
                                                             CONSTRAINT       0.000                  0.000  1       
hf_osc/CLKHF                              HFOSC_HFOSC_R1C32  CLOCK LATENCY    0.000                  0.000  53      
u_col_sync/clk                                               NET DELAY        3.084                  3.084  53      
{u_digit_reg/digit_right_i0_i1/CK   u_digit_reg/digit_right_i0_i0/CK}
                                                             CLOCK PIN        0.000                  3.084  1       
                                                             Uncertainty      0.000                  3.084  
                                                             Hold time        0.000                  3.084  
----------------------------------------  -----------------  ---------------  -----  ---------------------  ------  
Required Time                                                                                       -3.084  
Arrival Time                                                                                         4.827  
----------------------------------------  -----------------  ---------------  -----  ---------------------  ------  
Path Slack  (Passed)                                                                                 1.743  




++++ Path 10 ++++++++++++++++++++++++++++++++++++++++++++++++++++++++++ 

Path Begin       : u_scanner/u_scan_ctr/count_178__i25/Q  (SLICE_R16C14A)
Path End         : rows_i2/D  (SLICE_R15C14B)
Source Clock     : clk (R)
Destination Clock: clk (R)
Logic Level      : 2
Delay Ratio      : 40.8% (route), 59.2% (logic)
Clock Skew       : 0.000 ns 
Hold Constraint  : 0.000 ns 
Path Slack       : 1.743 ns  (Passed)


Source Clock Path
Name                                      Cell/Site Name     Delay Name       Incr   Arrival/Required Time  Fanout  
----------------------------------------  -----------------  ---------------  -----  ---------------------  ------  
hf_osc/CLKHF                              HFOSC_HFOSC_R1C32  CLOCK LATENCY    0.000                  0.000  53      
u_col_sync/clk                                               NET DELAY        3.084                  3.084  53      
{u_scanner/u_scan_ctr/count_178__i25/CK   u_scanner/u_scan_ctr/count_178__i24/CK}
                                                             CLOCK PIN        0.000                  3.084  1       


Data Path
Name                                      Cell/Site Name     Delay Name       Incr   Arrival/Required Time  Fanout  
----------------------------------------  -----------------  ---------------  -----  ---------------------  ------  
u_scanner/u_scan_ctr/count_178__i25/CK->u_scanner/u_scan_ctr/count_178__i25/Q
                                          SLICE_R16C14A      CLK_TO_Q0_DELAY  0.779                  3.863  7       
u_scanner/u_scan_ctr/count[24]                               NET DELAY        0.712                  4.575  7       
u_scanner/i1_4_lut/A->u_scanner/i1_4_lut/Z
                                          SLICE_R15C14B      D1_TO_F1_DELAY   0.252                  4.827  1       
u_scanner/rows_raw[2]                                        NET DELAY        0.000                  4.827  1       
rows_i2/D                                                    ENDPOINT         0.000                  4.827  1       


Destination Clock Path
Name                                      Cell/Site Name     Delay Name       Incr   Arrival/Required Time  Fanout  
----------------------------------------  -----------------  ---------------  -----  ---------------------  ------  
                                                             CONSTRAINT       0.000                  0.000  1       
hf_osc/CLKHF                              HFOSC_HFOSC_R1C32  CLOCK LATENCY    0.000                  0.000  53      
u_col_sync/clk                                               NET DELAY        3.084                  3.084  53      
{rows_i3/CK   rows_i2/CK}                                    CLOCK PIN        0.000                  3.084  1       
                                                             Uncertainty      0.000                  3.084  
                                                             Hold time        0.000                  3.084  
----------------------------------------  -----------------  ---------------  -----  ---------------------  ------  
Required Time                                                                                       -3.084  
Arrival Time                                                                                         4.827  
----------------------------------------  -----------------  ---------------  -----  ---------------------  ------  
Path Slack  (Passed)                                                                                 1.743  



+++++++++++++++++++++++++++++++++++++++++++++++++++++++++++++++++++++ 
                    End of Detailed Report for timing paths 
+++++++++++++++++++++++++++++++++++++++++++++++++++++++++++++++++++++ 


##########################################################



