Lattice Timing Report -  Setup  and Hold, Version Radiant Software (64-bit) 2026.1.0.37.0

Tue Sep 15 23:03:13 2026

Copyright (c) 1991-1994 by NeoCAD Inc. All rights reserved.
Copyright (c) 1995 AT&T Corp.   All rights reserved.
Copyright (c) 1995-2001 Lucent Technologies Inc.  All rights reserved.
Copyright (c) 2001 Agere Systems   All rights reserved.
Copyright (c) 2002-2026 Lattice Semiconductor Corporation,  All rights reserved.

Command line:    timing -sethld -v 10 -u 10 -endpoints 10 -nperend 1 -sp High-Performance_1.2V -hsp m -pwrprd -html -rpt lab2_GA_impl_1.twr lab2_GA_impl_1.udb -gui -msgset C:/Users/gmenendezdealencar/Documents/GitHub/hmc-e155-portfolio/labFiles/lab2/lab2_GA/promote.xml

-----------------------------------------
Design:          lab2_GA
Family:          iCE40UP
Device:          iCE40UP5K
Package:         SG48
Performance:     High-Performance_1.2V
Package Status:                     Preliminary    Version 1.5
**Performance Hardware Data Status :   Advanced Version 1.0
-----------------------------------------


=====================================================================
                    Table of Contents
=====================================================================
    1  Timing Overview
        1.1  SDC Constraints
        1.2  Constraint Coverage
        1.3  Overall Summary
        1.4  Unconstrained Report
        1.5  Combinational Loop
    2  Setup at Speed Grade High-Performance_1.2V Corner at 100 Degrees
        2.1  Clock Summary
        2.2  Endpoint slacks
        2.3  Detailed Report
    3  Hold at Speed Grade m Corner at -40 Degrees
        3.1  Endpoint slacks
        3.2  Detailed Report

=====================================================================
                    End of Table of Contents
=====================================================================

==============================================
1  Timing Overview
==============================================

1.1  SDC Constraints
=====================
create_clock -name {clk} -period 20.8333 [get_pins {hf_osc/CLKHF }] 

1.2  Constraint Coverage
---------------------------
Constraint Coverage: 68.2997%


1.3  Overall Summary
---------------------------
 Setup at Speed Grade High-Performance_1.2V Corner at 100 Degrees     Timing Errors: 0 endpoints;  Total Negative Slack: 0.000 ns 
 Hold at Speed Grade m Corner at -40 Degrees                          Timing Errors: 0 endpoints;  Total Negative Slack: 0.000 ns 

1.4  Unconstrained Report
===========================

1.4.1  Unconstrained Start/End Points
--------------------------------------

Clocked but unconstrained timing start points
--------------------------------------------------
There is no start point satisfying reporting criteria


Clocked but unconstrained timing end points
-------------------------------------------------------------------
         Listing 10 End Points          |           Type           
-------------------------------------------------------------------
{u_mux_counter/count_20__i16/SR   u_mux_counter/count_20__i17/SR}                           
                                        |           No arrival time
{u_mux_counter/count_20__i14/SR   u_mux_counter/count_20__i15/SR}                           
                                        |           No arrival time
{u_mux_counter/count_20__i12/SR   u_mux_counter/count_20__i13/SR}                           
                                        |           No arrival time
{u_mux_counter/count_20__i10/SR   u_mux_counter/count_20__i11/SR}                           
                                        |           No arrival time
{u_mux_counter/count_20__i8/SR   u_mux_counter/count_20__i9/SR}                           
                                        |           No arrival time
{u_mux_counter/count_20__i6/SR   u_mux_counter/count_20__i7/SR}                           
                                        |           No arrival time
{u_mux_counter/count_20__i4/SR   u_mux_counter/count_20__i5/SR}                           
                                        |           No arrival time
{u_mux_counter/count_20__i2/SR   u_mux_counter/count_20__i3/SR}                           
                                        |           No arrival time
u_mux_counter/count_20__i1/SR           |           No arrival time
{u_scanner/u_state_ctr/count_22__i1/SR   u_scanner/u_state_ctr/count_22__i0/SR}                           
                                        |           No arrival time
-------------------------------------------------------------------
                                        |                          
Number of unconstrained timing end poin |                          
ts                                      |                        22
                                        |                          
-------------------------------------------------------------------

1.4.2  Start/End Points Without Timing Constraints
---------------------------------------------------

I/O ports without constraint
----------------------------
Possible constraints to use on I/O ports are:
set_input_delay,
set_output_delay,
set_max_delay,
create_clock,
create_generated_clock,
...

-------------------------------------------------------------------
     Listing 10 Start or End Points     |           Type           
-------------------------------------------------------------------
s1[3]                                   |                     input
s1[2]                                   |                     input
s1[1]                                   |                     input
s1[0]                                   |                     input
s2[3]                                   |                     input
s2[2]                                   |                     input
s2[1]                                   |                     input
s2[0]                                   |                     input
cols[3]                                 |                     input
cols[2]                                 |                     input
-------------------------------------------------------------------
                                        |                          
Number of I/O ports without constraint  |                        30
                                        |                          
-------------------------------------------------------------------

Nets without clock definition
Define a clock on a top level port or a generated clock on a clock divider pin associated with this net(s).
--------------------------------------------------
There is no instance satisfying reporting criteria



1.5  Combinational Loop
========================
None

===============================================================
2  Setup at Speed Grade High-Performance_1.2V Corner at 100 Degrees
===============================================================

2.1  Clock Summary
=======================

2.1.1 Clock "clk"
=======================
create_clock -name {clk} -period 20.8333 [get_pins {hf_osc/CLKHF }] 

Single Clock Domain
-------------------------------------------------------------------------------------------------------
               Clock clk                |                    |       Period       |     Frequency      
-------------------------------------------------------------------------------------------------------
 From clk                               |             Target |          20.833 ns |         48.000 MHz 
                                        | Actual (all paths) |          20.792 ns |         48.095 MHz 
hf_osc/CLKHF (MPW)                      |   (50% duty cycle) |          20.792 ns |         48.095 MHz 
-------------------------------------------------------------------------------------------------------

Clock Domain Crossing

2.2  Endpoint slacks
=======================
-------------------------------------------------------
          Listing 10 End Points          |    Slack    
-------------------------------------------------------
u_scanner/u_prescaler/count_21__i21/D    |    5.288 ns 
u_scanner/u_prescaler/count_21__i20/D    |    5.565 ns 
u_scanner/u_prescaler/count_21__i22/D    |    5.606 ns 
u_scanner/u_prescaler/count_21__i19/D    |    6.437 ns 
u_scanner/u_prescaler/count_21__i18/D    |    6.714 ns 
u_scanner/u_prescaler/count_21__i11/D    |    6.743 ns 
u_scanner/u_prescaler/count_21__i17/D    |    6.743 ns 
u_scanner/u_prescaler/count_21__i10/D    |    6.796 ns 
u_scanner/u_prescaler/count_21__i16/D    |    6.796 ns 
u_scanner/u_prescaler/count_21__i2/D     |    7.338 ns 
-------------------------------------------------------
                                         |             
Setup # of endpoints with negative slack:|           0 
                                         |             
-------------------------------------------------------

2.3  Detailed Report
=======================


XXXXXXXXXXXXXXXXXXXXXXXXXXXXXXXXXXXXXXXXXXXXXXXXXXXXXXXXXX

Detail report of critical paths

XXXXXXXXXXXXXXXXXXXXXXXXXXXXXXXXXXXXXXXXXXXXXXXXXXXXXXXXXX

+++++++++++++++++++++++++++++++++++++++++++++++++++++++++++++++++++++ 
                    Detailed Report for timing paths 
+++++++++++++++++++++++++++++++++++++++++++++++++++++++++++++++++++++ 

++++ Path 1 ++++++++++++++++++++++++++++++++++++++++++++++++++++++++++ 

Path Begin       : u_scanner/u_prescaler/count_21__i0/Q  (SLICE_R16C5C)
Path End         : u_scanner/u_prescaler/count_21__i21/D  (SLICE_R16C7B)
Source Clock     : clk (R)
Destination Clock: clk (R)
Logic Level      : 24
Delay Ratio      : 46.6% (route), 53.4% (logic)
Clock Skew       : 0.000 ns 
Setup Constraint : 20.833 ns 
Path Slack       : 5.288 ns  (Passed)


Source Clock Path
Name                                      Cell/Site Name     Delay Name           Incr      Arrival/Required Time  Fanout  
----------------------------------------  -----------------  -------------------  --------  ---------------------  ------  
hf_osc/CLKHF                              HFOSC_HFOSC_R1C32  CLOCK LATENCY           0.000                  0.000  23      
u_scanner/u_prescaler/clk                                    NET DELAY               5.499                  5.499  23      
{u_scanner/u_prescaler/count_21__i0/CK   u_scanner/u_prescaler/count_21__i1/CK}
                                                             CLOCK PIN               0.000                  5.499  1       


Data Path
Name                                      Cell/Site Name     Delay Name           Incr      Arrival/Required Time  Fanout  
----------------------------------------  -----------------  -------------------  --------  ---------------------  ------  
u_scanner/u_prescaler/count_21__i0/CK->u_scanner/u_prescaler/count_21__i0/Q
                                          SLICE_R16C5C       CLK_TO_Q0_DELAY         1.388                  6.887  2       
u_scanner/u_prescaler/div_count[0]                           NET DELAY               2.617                  9.504  2       
u_scanner/u_prescaler/count_21_add_4_1/C1->u_scanner/u_prescaler/count_21_add_4_1/CO1
                                          SLICE_R14C5A       C1_TO_COUT1_DELAY       0.343                  9.847  2       
u_scanner/u_prescaler/n281                                   NET DELAY               0.000                  9.847  2       
u_scanner/u_prescaler/count_21_add_4_3/CI0->u_scanner/u_prescaler/count_21_add_4_3/CO0
                                          SLICE_R14C5B       CIN0_TO_COUT0_DELAY     0.277                 10.124  2       
u_scanner/u_prescaler/n967                                   NET DELAY               0.000                 10.124  2       
u_scanner/u_prescaler/count_21_add_4_3/CI1->u_scanner/u_prescaler/count_21_add_4_3/CO1
                                          SLICE_R14C5B       CIN1_TO_COUT1_DELAY     0.277                 10.401  2       
u_scanner/u_prescaler/n283                                   NET DELAY               0.000                 10.401  2       
u_scanner/u_prescaler/count_21_add_4_5/CI0->u_scanner/u_prescaler/count_21_add_4_5/CO0
                                          SLICE_R14C5C       CIN0_TO_COUT0_DELAY     0.277                 10.678  2       
u_scanner/u_prescaler/n997                                   NET DELAY               0.000                 10.678  2       
u_scanner/u_prescaler/count_21_add_4_5/CI1->u_scanner/u_prescaler/count_21_add_4_5/CO1
                                          SLICE_R14C5C       CIN1_TO_COUT1_DELAY     0.277                 10.955  2       
u_scanner/u_prescaler/n285                                   NET DELAY               0.000                 10.955  2       
u_scanner/u_prescaler/count_21_add_4_7/CI0->u_scanner/u_prescaler/count_21_add_4_7/CO0
                                          SLICE_R14C5D       CIN0_TO_COUT0_DELAY     0.277                 11.232  2       
u_scanner/u_prescaler/n1000                                  NET DELAY               0.000                 11.232  2       
u_scanner/u_prescaler/count_21_add_4_7/CI1->u_scanner/u_prescaler/count_21_add_4_7/CO1
                                          SLICE_R14C5D       CIN1_TO_COUT1_DELAY     0.277                 11.509  2       
u_scanner/u_prescaler/n287                                   NET DELAY               0.555                 12.064  2       
u_scanner/u_prescaler/count_21_add_4_9/CI0->u_scanner/u_prescaler/count_21_add_4_9/CO0
                                          SLICE_R14C6A       CIN0_TO_COUT0_DELAY     0.277                 12.341  2       
u_scanner/u_prescaler/n1003                                  NET DELAY               0.000                 12.341  2       
u_scanner/u_prescaler/count_21_add_4_9/CI1->u_scanner/u_prescaler/count_21_add_4_9/CO1
                                          SLICE_R14C6A       CIN1_TO_COUT1_DELAY     0.277                 12.618  2       
u_scanner/u_prescaler/n289                                   NET DELAY               0.000                 12.618  2       
u_scanner/u_prescaler/count_21_add_4_11/CI0->u_scanner/u_prescaler/count_21_add_4_11/CO0
                                          SLICE_R14C6B       CIN0_TO_COUT0_DELAY     0.277                 12.895  2       
u_scanner/u_prescaler/n1006                                  NET DELAY               0.000                 12.895  2       
u_scanner/u_prescaler/count_21_add_4_11/CI1->u_scanner/u_prescaler/count_21_add_4_11/CO1
                                          SLICE_R14C6B       CIN1_TO_COUT1_DELAY     0.277                 13.172  2       
u_scanner/u_prescaler/n291                                   NET DELAY               0.000                 13.172  2       
u_scanner/u_prescaler/count_21_add_4_13/CI0->u_scanner/u_prescaler/count_21_add_4_13/CO0
                                          SLICE_R14C6C       CIN0_TO_COUT0_DELAY     0.277                 13.449  2       
u_scanner/u_prescaler/n1009                                  NET DELAY               0.000                 13.449  2       
u_scanner/u_prescaler/count_21_add_4_13/CI1->u_scanner/u_prescaler/count_21_add_4_13/CO1
                                          SLICE_R14C6C       CIN1_TO_COUT1_DELAY     0.277                 13.726  2       
u_scanner/u_prescaler/n293                                   NET DELAY               0.000                 13.726  2       
u_scanner/u_prescaler/count_21_add_4_15/CI0->u_scanner/u_prescaler/count_21_add_4_15/CO0
                                          SLICE_R14C6D       CIN0_TO_COUT0_DELAY     0.277                 14.003  2       
u_scanner/u_prescaler/n1012                                  NET DELAY               0.000                 14.003  2       
u_scanner/u_prescaler/count_21_add_4_15/CI1->u_scanner/u_prescaler/count_21_add_4_15/CO1
                                          SLICE_R14C6D       CIN1_TO_COUT1_DELAY     0.277                 14.280  2       
u_scanner/u_prescaler/n295                                   NET DELAY               0.555                 14.835  2       
u_scanner/u_prescaler/count_21_add_4_17/CI0->u_scanner/u_prescaler/count_21_add_4_17/CO0
                                          SLICE_R14C7A       CIN0_TO_COUT0_DELAY     0.277                 15.112  2       
u_scanner/u_prescaler/n1015                                  NET DELAY               0.000                 15.112  2       
u_scanner/u_prescaler/count_21_add_4_17/CI1->u_scanner/u_prescaler/count_21_add_4_17/CO1
                                          SLICE_R14C7A       CIN1_TO_COUT1_DELAY     0.277                 15.389  2       
u_scanner/u_prescaler/n297                                   NET DELAY               0.000                 15.389  2       
u_scanner/u_prescaler/count_21_add_4_19/CI0->u_scanner/u_prescaler/count_21_add_4_19/CO0
                                          SLICE_R14C7B       CIN0_TO_COUT0_DELAY     0.277                 15.666  2       
u_scanner/u_prescaler/n1018                                  NET DELAY               0.000                 15.666  2       
u_scanner/u_prescaler/count_21_add_4_19/CI1->u_scanner/u_prescaler/count_21_add_4_19/CO1
                                          SLICE_R14C7B       CIN1_TO_COUT1_DELAY     0.277                 15.943  2       
u_scanner/u_prescaler/n299                                   NET DELAY               0.000                 15.943  2       
u_scanner/u_prescaler/count_21_add_4_21/CI0->u_scanner/u_prescaler/count_21_add_4_21/CO0
                                          SLICE_R14C7C       CIN0_TO_COUT0_DELAY     0.277                 16.220  2       
u_scanner/u_prescaler/n1021                                  NET DELAY               0.000                 16.220  2       
u_scanner/u_prescaler/count_21_add_4_21/CI1->u_scanner/u_prescaler/count_21_add_4_21/CO1
                                          SLICE_R14C7C       CIN1_TO_COUT1_DELAY     0.277                 16.497  2       
u_scanner/u_prescaler/n301                                   NET DELAY               0.661                 17.158  2       
u_scanner/u_prescaler/count_21_add_4_23/D0->u_scanner/u_prescaler/count_21_add_4_23/S0
                                          SLICE_R14C7D       D0_TO_F0_DELAY          0.449                 17.607  1       
u_scanner/u_prescaler/n97[21]                                NET DELAY               2.763                 20.370  1       
u_scanner/u_prescaler/i176_2_lut/A->u_scanner/u_prescaler/i176_2_lut/Z
                                          SLICE_R16C7B       D0_TO_F0_DELAY          0.476                 20.846  1       
u_scanner/u_prescaler/div_count_22__N_19[21]
                                                             NET DELAY               0.000                 20.846  1       
u_scanner/u_prescaler/count_21__i21/D                        ENDPOINT                0.000                 20.846  1       


Destination Clock Path
Name                                      Cell/Site Name     Delay Name           Incr      Arrival/Required Time  Fanout  
----------------------------------------  -----------------  -------------------  --------  ---------------------  ------  
                                                             CONSTRAINT              0.000                 20.833  1       
hf_osc/CLKHF                              HFOSC_HFOSC_R1C32  CLOCK LATENCY           0.000                 20.833  23      
u_scanner/u_prescaler/clk                                    NET DELAY               5.499                 26.332  23      
{u_scanner/u_prescaler/count_21__i21/CK   u_scanner/u_prescaler/count_21__i20/CK}
                                                             CLOCK PIN               0.000                 26.332  1       
                                                             Uncertainty          -(0.000)                 26.332  
                                                             Setup time           -(0.198)                 26.134  
----------------------------------------  -----------------  -------------------  --------  ---------------------  ------  
Required Time                                                                                              26.134  
Arrival Time                                                                                            -(20.845)  
----------------------------------------  -----------------  -------------------  --------  ---------------------  ------  
Path Slack  (Passed)                                                                                        5.288  




++++ Path 2 ++++++++++++++++++++++++++++++++++++++++++++++++++++++++++ 

Path Begin       : u_scanner/u_prescaler/count_21__i0/Q  (SLICE_R16C5C)
Path End         : u_scanner/u_prescaler/count_21__i20/D  (SLICE_R16C7B)
Source Clock     : clk (R)
Destination Clock: clk (R)
Logic Level      : 23
Delay Ratio      : 47.5% (route), 52.5% (logic)
Clock Skew       : 0.000 ns 
Setup Constraint : 20.833 ns 
Path Slack       : 5.565 ns  (Passed)


Source Clock Path
Name                                      Cell/Site Name     Delay Name           Incr      Arrival/Required Time  Fanout  
----------------------------------------  -----------------  -------------------  --------  ---------------------  ------  
hf_osc/CLKHF                              HFOSC_HFOSC_R1C32  CLOCK LATENCY           0.000                  0.000  23      
u_scanner/u_prescaler/clk                                    NET DELAY               5.499                  5.499  23      
{u_scanner/u_prescaler/count_21__i0/CK   u_scanner/u_prescaler/count_21__i1/CK}
                                                             CLOCK PIN               0.000                  5.499  1       


Data Path
Name                                      Cell/Site Name     Delay Name           Incr      Arrival/Required Time  Fanout  
----------------------------------------  -----------------  -------------------  --------  ---------------------  ------  
u_scanner/u_prescaler/count_21__i0/CK->u_scanner/u_prescaler/count_21__i0/Q
                                          SLICE_R16C5C       CLK_TO_Q0_DELAY         1.388                  6.887  2       
u_scanner/u_prescaler/div_count[0]                           NET DELAY               2.617                  9.504  2       
u_scanner/u_prescaler/count_21_add_4_1/C1->u_scanner/u_prescaler/count_21_add_4_1/CO1
                                          SLICE_R14C5A       C1_TO_COUT1_DELAY       0.343                  9.847  2       
u_scanner/u_prescaler/n281                                   NET DELAY               0.000                  9.847  2       
u_scanner/u_prescaler/count_21_add_4_3/CI0->u_scanner/u_prescaler/count_21_add_4_3/CO0
                                          SLICE_R14C5B       CIN0_TO_COUT0_DELAY     0.277                 10.124  2       
u_scanner/u_prescaler/n967                                   NET DELAY               0.000                 10.124  2       
u_scanner/u_prescaler/count_21_add_4_3/CI1->u_scanner/u_prescaler/count_21_add_4_3/CO1
                                          SLICE_R14C5B       CIN1_TO_COUT1_DELAY     0.277                 10.401  2       
u_scanner/u_prescaler/n283                                   NET DELAY               0.000                 10.401  2       
u_scanner/u_prescaler/count_21_add_4_5/CI0->u_scanner/u_prescaler/count_21_add_4_5/CO0
                                          SLICE_R14C5C       CIN0_TO_COUT0_DELAY     0.277                 10.678  2       
u_scanner/u_prescaler/n997                                   NET DELAY               0.000                 10.678  2       
u_scanner/u_prescaler/count_21_add_4_5/CI1->u_scanner/u_prescaler/count_21_add_4_5/CO1
                                          SLICE_R14C5C       CIN1_TO_COUT1_DELAY     0.277                 10.955  2       
u_scanner/u_prescaler/n285                                   NET DELAY               0.000                 10.955  2       
u_scanner/u_prescaler/count_21_add_4_7/CI0->u_scanner/u_prescaler/count_21_add_4_7/CO0
                                          SLICE_R14C5D       CIN0_TO_COUT0_DELAY     0.277                 11.232  2       
u_scanner/u_prescaler/n1000                                  NET DELAY               0.000                 11.232  2       
u_scanner/u_prescaler/count_21_add_4_7/CI1->u_scanner/u_prescaler/count_21_add_4_7/CO1
                                          SLICE_R14C5D       CIN1_TO_COUT1_DELAY     0.277                 11.509  2       
u_scanner/u_prescaler/n287                                   NET DELAY               0.555                 12.064  2       
u_scanner/u_prescaler/count_21_add_4_9/CI0->u_scanner/u_prescaler/count_21_add_4_9/CO0
                                          SLICE_R14C6A       CIN0_TO_COUT0_DELAY     0.277                 12.341  2       
u_scanner/u_prescaler/n1003                                  NET DELAY               0.000                 12.341  2       
u_scanner/u_prescaler/count_21_add_4_9/CI1->u_scanner/u_prescaler/count_21_add_4_9/CO1
                                          SLICE_R14C6A       CIN1_TO_COUT1_DELAY     0.277                 12.618  2       
u_scanner/u_prescaler/n289                                   NET DELAY               0.000                 12.618  2       
u_scanner/u_prescaler/count_21_add_4_11/CI0->u_scanner/u_prescaler/count_21_add_4_11/CO0
                                          SLICE_R14C6B       CIN0_TO_COUT0_DELAY     0.277                 12.895  2       
u_scanner/u_prescaler/n1006                                  NET DELAY               0.000                 12.895  2       
u_scanner/u_prescaler/count_21_add_4_11/CI1->u_scanner/u_prescaler/count_21_add_4_11/CO1
                                          SLICE_R14C6B       CIN1_TO_COUT1_DELAY     0.277                 13.172  2       
u_scanner/u_prescaler/n291                                   NET DELAY               0.000                 13.172  2       
u_scanner/u_prescaler/count_21_add_4_13/CI0->u_scanner/u_prescaler/count_21_add_4_13/CO0
                                          SLICE_R14C6C       CIN0_TO_COUT0_DELAY     0.277                 13.449  2       
u_scanner/u_prescaler/n1009                                  NET DELAY               0.000                 13.449  2       
u_scanner/u_prescaler/count_21_add_4_13/CI1->u_scanner/u_prescaler/count_21_add_4_13/CO1
                                          SLICE_R14C6C       CIN1_TO_COUT1_DELAY     0.277                 13.726  2       
u_scanner/u_prescaler/n293                                   NET DELAY               0.000                 13.726  2       
u_scanner/u_prescaler/count_21_add_4_15/CI0->u_scanner/u_prescaler/count_21_add_4_15/CO0
                                          SLICE_R14C6D       CIN0_TO_COUT0_DELAY     0.277                 14.003  2       
u_scanner/u_prescaler/n1012                                  NET DELAY               0.000                 14.003  2       
u_scanner/u_prescaler/count_21_add_4_15/CI1->u_scanner/u_prescaler/count_21_add_4_15/CO1
                                          SLICE_R14C6D       CIN1_TO_COUT1_DELAY     0.277                 14.280  2       
u_scanner/u_prescaler/n295                                   NET DELAY               0.555                 14.835  2       
u_scanner/u_prescaler/count_21_add_4_17/CI0->u_scanner/u_prescaler/count_21_add_4_17/CO0
                                          SLICE_R14C7A       CIN0_TO_COUT0_DELAY     0.277                 15.112  2       
u_scanner/u_prescaler/n1015                                  NET DELAY               0.000                 15.112  2       
u_scanner/u_prescaler/count_21_add_4_17/CI1->u_scanner/u_prescaler/count_21_add_4_17/CO1
                                          SLICE_R14C7A       CIN1_TO_COUT1_DELAY     0.277                 15.389  2       
u_scanner/u_prescaler/n297                                   NET DELAY               0.000                 15.389  2       
u_scanner/u_prescaler/count_21_add_4_19/CI0->u_scanner/u_prescaler/count_21_add_4_19/CO0
                                          SLICE_R14C7B       CIN0_TO_COUT0_DELAY     0.277                 15.666  2       
u_scanner/u_prescaler/n1018                                  NET DELAY               0.000                 15.666  2       
u_scanner/u_prescaler/count_21_add_4_19/CI1->u_scanner/u_prescaler/count_21_add_4_19/CO1
                                          SLICE_R14C7B       CIN1_TO_COUT1_DELAY     0.277                 15.943  2       
u_scanner/u_prescaler/n299                                   NET DELAY               0.000                 15.943  2       
u_scanner/u_prescaler/count_21_add_4_21/CI0->u_scanner/u_prescaler/count_21_add_4_21/CO0
                                          SLICE_R14C7C       CIN0_TO_COUT0_DELAY     0.277                 16.220  2       
u_scanner/u_prescaler/n1021                                  NET DELAY               0.661                 16.881  2       
u_scanner/u_prescaler/count_21_add_4_21/D1->u_scanner/u_prescaler/count_21_add_4_21/S1
                                          SLICE_R14C7C       D1_TO_F1_DELAY          0.449                 17.330  1       
u_scanner/u_prescaler/n97[20]                                NET DELAY               2.763                 20.093  1       
u_scanner/u_prescaler/i177_2_lut/A->u_scanner/u_prescaler/i177_2_lut/Z
                                          SLICE_R16C7B       D1_TO_F1_DELAY          0.476                 20.569  1       
u_scanner/u_prescaler/div_count_22__N_19[20]
                                                             NET DELAY               0.000                 20.569  1       
u_scanner/u_prescaler/count_21__i20/D                        ENDPOINT                0.000                 20.569  1       


Destination Clock Path
Name                                      Cell/Site Name     Delay Name           Incr      Arrival/Required Time  Fanout  
----------------------------------------  -----------------  -------------------  --------  ---------------------  ------  
                                                             CONSTRAINT              0.000                 20.833  1       
hf_osc/CLKHF                              HFOSC_HFOSC_R1C32  CLOCK LATENCY           0.000                 20.833  23      
u_scanner/u_prescaler/clk                                    NET DELAY               5.499                 26.332  23      
{u_scanner/u_prescaler/count_21__i21/CK   u_scanner/u_prescaler/count_21__i20/CK}
                                                             CLOCK PIN               0.000                 26.332  1       
                                                             Uncertainty          -(0.000)                 26.332  
                                                             Setup time           -(0.198)                 26.134  
----------------------------------------  -----------------  -------------------  --------  ---------------------  ------  
Required Time                                                                                              26.134  
Arrival Time                                                                                            -(20.568)  
----------------------------------------  -----------------  -------------------  --------  ---------------------  ------  
Path Slack  (Passed)                                                                                        5.565  




++++ Path 3 ++++++++++++++++++++++++++++++++++++++++++++++++++++++++++ 

Path Begin       : u_scanner/u_prescaler/count_21__i0/Q  (SLICE_R16C5C)
Path End         : u_scanner/u_prescaler/count_21__i22/D  (SLICE_R15C7B)
Source Clock     : clk (R)
Destination Clock: clk (R)
Logic Level      : 25
Delay Ratio      : 43.6% (route), 56.4% (logic)
Clock Skew       : 0.000 ns 
Setup Constraint : 20.833 ns 
Path Slack       : 5.606 ns  (Passed)


Source Clock Path
Name                                      Cell/Site Name     Delay Name           Incr      Arrival/Required Time  Fanout  
----------------------------------------  -----------------  -------------------  --------  ---------------------  ------  
hf_osc/CLKHF                              HFOSC_HFOSC_R1C32  CLOCK LATENCY           0.000                  0.000  23      
u_scanner/u_prescaler/clk                                    NET DELAY               5.499                  5.499  23      
{u_scanner/u_prescaler/count_21__i0/CK   u_scanner/u_prescaler/count_21__i1/CK}
                                                             CLOCK PIN               0.000                  5.499  1       


Data Path
Name                                      Cell/Site Name     Delay Name           Incr      Arrival/Required Time  Fanout  
----------------------------------------  -----------------  -------------------  --------  ---------------------  ------  
u_scanner/u_prescaler/count_21__i0/CK->u_scanner/u_prescaler/count_21__i0/Q
                                          SLICE_R16C5C       CLK_TO_Q0_DELAY         1.388                  6.887  2       
u_scanner/u_prescaler/div_count[0]                           NET DELAY               2.617                  9.504  2       
u_scanner/u_prescaler/count_21_add_4_1/C1->u_scanner/u_prescaler/count_21_add_4_1/CO1
                                          SLICE_R14C5A       C1_TO_COUT1_DELAY       0.343                  9.847  2       
u_scanner/u_prescaler/n281                                   NET DELAY               0.000                  9.847  2       
u_scanner/u_prescaler/count_21_add_4_3/CI0->u_scanner/u_prescaler/count_21_add_4_3/CO0
                                          SLICE_R14C5B       CIN0_TO_COUT0_DELAY     0.277                 10.124  2       
u_scanner/u_prescaler/n967                                   NET DELAY               0.000                 10.124  2       
u_scanner/u_prescaler/count_21_add_4_3/CI1->u_scanner/u_prescaler/count_21_add_4_3/CO1
                                          SLICE_R14C5B       CIN1_TO_COUT1_DELAY     0.277                 10.401  2       
u_scanner/u_prescaler/n283                                   NET DELAY               0.000                 10.401  2       
u_scanner/u_prescaler/count_21_add_4_5/CI0->u_scanner/u_prescaler/count_21_add_4_5/CO0
                                          SLICE_R14C5C       CIN0_TO_COUT0_DELAY     0.277                 10.678  2       
u_scanner/u_prescaler/n997                                   NET DELAY               0.000                 10.678  2       
u_scanner/u_prescaler/count_21_add_4_5/CI1->u_scanner/u_prescaler/count_21_add_4_5/CO1
                                          SLICE_R14C5C       CIN1_TO_COUT1_DELAY     0.277                 10.955  2       
u_scanner/u_prescaler/n285                                   NET DELAY               0.000                 10.955  2       
u_scanner/u_prescaler/count_21_add_4_7/CI0->u_scanner/u_prescaler/count_21_add_4_7/CO0
                                          SLICE_R14C5D       CIN0_TO_COUT0_DELAY     0.277                 11.232  2       
u_scanner/u_prescaler/n1000                                  NET DELAY               0.000                 11.232  2       
u_scanner/u_prescaler/count_21_add_4_7/CI1->u_scanner/u_prescaler/count_21_add_4_7/CO1
                                          SLICE_R14C5D       CIN1_TO_COUT1_DELAY     0.277                 11.509  2       
u_scanner/u_prescaler/n287                                   NET DELAY               0.555                 12.064  2       
u_scanner/u_prescaler/count_21_add_4_9/CI0->u_scanner/u_prescaler/count_21_add_4_9/CO0
                                          SLICE_R14C6A       CIN0_TO_COUT0_DELAY     0.277                 12.341  2       
u_scanner/u_prescaler/n1003                                  NET DELAY               0.000                 12.341  2       
u_scanner/u_prescaler/count_21_add_4_9/CI1->u_scanner/u_prescaler/count_21_add_4_9/CO1
                                          SLICE_R14C6A       CIN1_TO_COUT1_DELAY     0.277                 12.618  2       
u_scanner/u_prescaler/n289                                   NET DELAY               0.000                 12.618  2       
u_scanner/u_prescaler/count_21_add_4_11/CI0->u_scanner/u_prescaler/count_21_add_4_11/CO0
                                          SLICE_R14C6B       CIN0_TO_COUT0_DELAY     0.277                 12.895  2       
u_scanner/u_prescaler/n1006                                  NET DELAY               0.000                 12.895  2       
u_scanner/u_prescaler/count_21_add_4_11/CI1->u_scanner/u_prescaler/count_21_add_4_11/CO1
                                          SLICE_R14C6B       CIN1_TO_COUT1_DELAY     0.277                 13.172  2       
u_scanner/u_prescaler/n291                                   NET DELAY               0.000                 13.172  2       
u_scanner/u_prescaler/count_21_add_4_13/CI0->u_scanner/u_prescaler/count_21_add_4_13/CO0
                                          SLICE_R14C6C       CIN0_TO_COUT0_DELAY     0.277                 13.449  2       
u_scanner/u_prescaler/n1009                                  NET DELAY               0.000                 13.449  2       
u_scanner/u_prescaler/count_21_add_4_13/CI1->u_scanner/u_prescaler/count_21_add_4_13/CO1
                                          SLICE_R14C6C       CIN1_TO_COUT1_DELAY     0.277                 13.726  2       
u_scanner/u_prescaler/n293                                   NET DELAY               0.000                 13.726  2       
u_scanner/u_prescaler/count_21_add_4_15/CI0->u_scanner/u_prescaler/count_21_add_4_15/CO0
                                          SLICE_R14C6D       CIN0_TO_COUT0_DELAY     0.277                 14.003  2       
u_scanner/u_prescaler/n1012                                  NET DELAY               0.000                 14.003  2       
u_scanner/u_prescaler/count_21_add_4_15/CI1->u_scanner/u_prescaler/count_21_add_4_15/CO1
                                          SLICE_R14C6D       CIN1_TO_COUT1_DELAY     0.277                 14.280  2       
u_scanner/u_prescaler/n295                                   NET DELAY               0.555                 14.835  2       
u_scanner/u_prescaler/count_21_add_4_17/CI0->u_scanner/u_prescaler/count_21_add_4_17/CO0
                                          SLICE_R14C7A       CIN0_TO_COUT0_DELAY     0.277                 15.112  2       
u_scanner/u_prescaler/n1015                                  NET DELAY               0.000                 15.112  2       
u_scanner/u_prescaler/count_21_add_4_17/CI1->u_scanner/u_prescaler/count_21_add_4_17/CO1
                                          SLICE_R14C7A       CIN1_TO_COUT1_DELAY     0.277                 15.389  2       
u_scanner/u_prescaler/n297                                   NET DELAY               0.000                 15.389  2       
u_scanner/u_prescaler/count_21_add_4_19/CI0->u_scanner/u_prescaler/count_21_add_4_19/CO0
                                          SLICE_R14C7B       CIN0_TO_COUT0_DELAY     0.277                 15.666  2       
u_scanner/u_prescaler/n1018                                  NET DELAY               0.000                 15.666  2       
u_scanner/u_prescaler/count_21_add_4_19/CI1->u_scanner/u_prescaler/count_21_add_4_19/CO1
                                          SLICE_R14C7B       CIN1_TO_COUT1_DELAY     0.277                 15.943  2       
u_scanner/u_prescaler/n299                                   NET DELAY               0.000                 15.943  2       
u_scanner/u_prescaler/count_21_add_4_21/CI0->u_scanner/u_prescaler/count_21_add_4_21/CO0
                                          SLICE_R14C7C       CIN0_TO_COUT0_DELAY     0.277                 16.220  2       
u_scanner/u_prescaler/n1021                                  NET DELAY               0.000                 16.220  2       
u_scanner/u_prescaler/count_21_add_4_21/CI1->u_scanner/u_prescaler/count_21_add_4_21/CO1
                                          SLICE_R14C7C       CIN1_TO_COUT1_DELAY     0.277                 16.497  2       
u_scanner/u_prescaler/n301                                   NET DELAY               0.000                 16.497  2       
u_scanner/u_prescaler/count_21_add_4_23/CI0->u_scanner/u_prescaler/count_21_add_4_23/CO0
                                          SLICE_R14C7D       CIN0_TO_COUT0_DELAY     0.277                 16.774  2       
u_scanner/u_prescaler/n1024                                  NET DELAY               0.661                 17.435  2       
u_scanner/u_prescaler/count_21_add_4_23/D1->u_scanner/u_prescaler/count_21_add_4_23/S1
                                          SLICE_R14C7D       D1_TO_F1_DELAY          0.449                 17.884  1       
u_scanner/u_prescaler/n97[22]                                NET DELAY               2.168                 20.052  1       
u_scanner/u_prescaler/i175_2_lut/A->u_scanner/u_prescaler/i175_2_lut/Z
                                          SLICE_R15C7B       D1_TO_F1_DELAY          0.476                 20.528  1       
u_scanner/u_prescaler/div_count_22__N_19[22]
                                                             NET DELAY               0.000                 20.528  1       
u_scanner/u_prescaler/count_21__i22/D                        ENDPOINT                0.000                 20.528  1       


Destination Clock Path
Name                                      Cell/Site Name     Delay Name           Incr      Arrival/Required Time  Fanout  
----------------------------------------  -----------------  -------------------  --------  ---------------------  ------  
                                                             CONSTRAINT              0.000                 20.833  1       
hf_osc/CLKHF                              HFOSC_HFOSC_R1C32  CLOCK LATENCY           0.000                 20.833  23      
u_scanner/u_prescaler/clk                                    NET DELAY               5.499                 26.332  23      
u_scanner/u_prescaler/count_21__i22/CK                       CLOCK PIN               0.000                 26.332  1       
                                                             Uncertainty          -(0.000)                 26.332  
                                                             Setup time           -(0.198)                 26.134  
----------------------------------------  -----------------  -------------------  --------  ---------------------  ------  
Required Time                                                                                              26.134  
Arrival Time                                                                                            -(20.527)  
----------------------------------------  -----------------  -------------------  --------  ---------------------  ------  
Path Slack  (Passed)                                                                                        5.606  




++++ Path 4 ++++++++++++++++++++++++++++++++++++++++++++++++++++++++++ 

Path Begin       : u_scanner/u_prescaler/count_21__i0/Q  (SLICE_R16C5C)
Path End         : u_scanner/u_prescaler/count_21__i19/D  (SLICE_R15C7C)
Source Clock     : clk (R)
Destination Clock: clk (R)
Logic Level      : 22
Delay Ratio      : 46.2% (route), 53.8% (logic)
Clock Skew       : 0.000 ns 
Setup Constraint : 20.833 ns 
Path Slack       : 6.437 ns  (Passed)


Source Clock Path
Name                                      Cell/Site Name     Delay Name           Incr      Arrival/Required Time  Fanout  
----------------------------------------  -----------------  -------------------  --------  ---------------------  ------  
hf_osc/CLKHF                              HFOSC_HFOSC_R1C32  CLOCK LATENCY           0.000                  0.000  23      
u_scanner/u_prescaler/clk                                    NET DELAY               5.499                  5.499  23      
{u_scanner/u_prescaler/count_21__i0/CK   u_scanner/u_prescaler/count_21__i1/CK}
                                                             CLOCK PIN               0.000                  5.499  1       


Data Path
Name                                      Cell/Site Name     Delay Name           Incr      Arrival/Required Time  Fanout  
----------------------------------------  -----------------  -------------------  --------  ---------------------  ------  
u_scanner/u_prescaler/count_21__i0/CK->u_scanner/u_prescaler/count_21__i0/Q
                                          SLICE_R16C5C       CLK_TO_Q0_DELAY         1.388                  6.887  2       
u_scanner/u_prescaler/div_count[0]                           NET DELAY               2.617                  9.504  2       
u_scanner/u_prescaler/count_21_add_4_1/C1->u_scanner/u_prescaler/count_21_add_4_1/CO1
                                          SLICE_R14C5A       C1_TO_COUT1_DELAY       0.343                  9.847  2       
u_scanner/u_prescaler/n281                                   NET DELAY               0.000                  9.847  2       
u_scanner/u_prescaler/count_21_add_4_3/CI0->u_scanner/u_prescaler/count_21_add_4_3/CO0
                                          SLICE_R14C5B       CIN0_TO_COUT0_DELAY     0.277                 10.124  2       
u_scanner/u_prescaler/n967                                   NET DELAY               0.000                 10.124  2       
u_scanner/u_prescaler/count_21_add_4_3/CI1->u_scanner/u_prescaler/count_21_add_4_3/CO1
                                          SLICE_R14C5B       CIN1_TO_COUT1_DELAY     0.277                 10.401  2       
u_scanner/u_prescaler/n283                                   NET DELAY               0.000                 10.401  2       
u_scanner/u_prescaler/count_21_add_4_5/CI0->u_scanner/u_prescaler/count_21_add_4_5/CO0
                                          SLICE_R14C5C       CIN0_TO_COUT0_DELAY     0.277                 10.678  2       
u_scanner/u_prescaler/n997                                   NET DELAY               0.000                 10.678  2       
u_scanner/u_prescaler/count_21_add_4_5/CI1->u_scanner/u_prescaler/count_21_add_4_5/CO1
                                          SLICE_R14C5C       CIN1_TO_COUT1_DELAY     0.277                 10.955  2       
u_scanner/u_prescaler/n285                                   NET DELAY               0.000                 10.955  2       
u_scanner/u_prescaler/count_21_add_4_7/CI0->u_scanner/u_prescaler/count_21_add_4_7/CO0
                                          SLICE_R14C5D       CIN0_TO_COUT0_DELAY     0.277                 11.232  2       
u_scanner/u_prescaler/n1000                                  NET DELAY               0.000                 11.232  2       
u_scanner/u_prescaler/count_21_add_4_7/CI1->u_scanner/u_prescaler/count_21_add_4_7/CO1
                                          SLICE_R14C5D       CIN1_TO_COUT1_DELAY     0.277                 11.509  2       
u_scanner/u_prescaler/n287                                   NET DELAY               0.555                 12.064  2       
u_scanner/u_prescaler/count_21_add_4_9/CI0->u_scanner/u_prescaler/count_21_add_4_9/CO0
                                          SLICE_R14C6A       CIN0_TO_COUT0_DELAY     0.277                 12.341  2       
u_scanner/u_prescaler/n1003                                  NET DELAY               0.000                 12.341  2       
u_scanner/u_prescaler/count_21_add_4_9/CI1->u_scanner/u_prescaler/count_21_add_4_9/CO1
                                          SLICE_R14C6A       CIN1_TO_COUT1_DELAY     0.277                 12.618  2       
u_scanner/u_prescaler/n289                                   NET DELAY               0.000                 12.618  2       
u_scanner/u_prescaler/count_21_add_4_11/CI0->u_scanner/u_prescaler/count_21_add_4_11/CO0
                                          SLICE_R14C6B       CIN0_TO_COUT0_DELAY     0.277                 12.895  2       
u_scanner/u_prescaler/n1006                                  NET DELAY               0.000                 12.895  2       
u_scanner/u_prescaler/count_21_add_4_11/CI1->u_scanner/u_prescaler/count_21_add_4_11/CO1
                                          SLICE_R14C6B       CIN1_TO_COUT1_DELAY     0.277                 13.172  2       
u_scanner/u_prescaler/n291                                   NET DELAY               0.000                 13.172  2       
u_scanner/u_prescaler/count_21_add_4_13/CI0->u_scanner/u_prescaler/count_21_add_4_13/CO0
                                          SLICE_R14C6C       CIN0_TO_COUT0_DELAY     0.277                 13.449  2       
u_scanner/u_prescaler/n1009                                  NET DELAY               0.000                 13.449  2       
u_scanner/u_prescaler/count_21_add_4_13/CI1->u_scanner/u_prescaler/count_21_add_4_13/CO1
                                          SLICE_R14C6C       CIN1_TO_COUT1_DELAY     0.277                 13.726  2       
u_scanner/u_prescaler/n293                                   NET DELAY               0.000                 13.726  2       
u_scanner/u_prescaler/count_21_add_4_15/CI0->u_scanner/u_prescaler/count_21_add_4_15/CO0
                                          SLICE_R14C6D       CIN0_TO_COUT0_DELAY     0.277                 14.003  2       
u_scanner/u_prescaler/n1012                                  NET DELAY               0.000                 14.003  2       
u_scanner/u_prescaler/count_21_add_4_15/CI1->u_scanner/u_prescaler/count_21_add_4_15/CO1
                                          SLICE_R14C6D       CIN1_TO_COUT1_DELAY     0.277                 14.280  2       
u_scanner/u_prescaler/n295                                   NET DELAY               0.555                 14.835  2       
u_scanner/u_prescaler/count_21_add_4_17/CI0->u_scanner/u_prescaler/count_21_add_4_17/CO0
                                          SLICE_R14C7A       CIN0_TO_COUT0_DELAY     0.277                 15.112  2       
u_scanner/u_prescaler/n1015                                  NET DELAY               0.000                 15.112  2       
u_scanner/u_prescaler/count_21_add_4_17/CI1->u_scanner/u_prescaler/count_21_add_4_17/CO1
                                          SLICE_R14C7A       CIN1_TO_COUT1_DELAY     0.277                 15.389  2       
u_scanner/u_prescaler/n297                                   NET DELAY               0.000                 15.389  2       
u_scanner/u_prescaler/count_21_add_4_19/CI0->u_scanner/u_prescaler/count_21_add_4_19/CO0
                                          SLICE_R14C7B       CIN0_TO_COUT0_DELAY     0.277                 15.666  2       
u_scanner/u_prescaler/n1018                                  NET DELAY               0.000                 15.666  2       
u_scanner/u_prescaler/count_21_add_4_19/CI1->u_scanner/u_prescaler/count_21_add_4_19/CO1
                                          SLICE_R14C7B       CIN1_TO_COUT1_DELAY     0.277                 15.943  2       
u_scanner/u_prescaler/n299                                   NET DELAY               0.661                 16.604  2       
u_scanner/u_prescaler/count_21_add_4_21/D0->u_scanner/u_prescaler/count_21_add_4_21/S0
                                          SLICE_R14C7C       D0_TO_F0_DELAY          0.449                 17.053  1       
u_scanner/u_prescaler/n97[19]                                NET DELAY               2.168                 19.221  1       
u_scanner/u_prescaler/i178_2_lut/A->u_scanner/u_prescaler/i178_2_lut/Z
                                          SLICE_R15C7C       D0_TO_F0_DELAY          0.476                 19.697  1       
u_scanner/u_prescaler/div_count_22__N_19[19]
                                                             NET DELAY               0.000                 19.697  1       
u_scanner/u_prescaler/count_21__i19/D                        ENDPOINT                0.000                 19.697  1       


Destination Clock Path
Name                                      Cell/Site Name     Delay Name           Incr      Arrival/Required Time  Fanout  
----------------------------------------  -----------------  -------------------  --------  ---------------------  ------  
                                                             CONSTRAINT              0.000                 20.833  1       
hf_osc/CLKHF                              HFOSC_HFOSC_R1C32  CLOCK LATENCY           0.000                 20.833  23      
u_scanner/u_prescaler/clk                                    NET DELAY               5.499                 26.332  23      
{u_scanner/u_prescaler/count_21__i19/CK   u_scanner/u_prescaler/count_21__i18/CK}
                                                             CLOCK PIN               0.000                 26.332  1       
                                                             Uncertainty          -(0.000)                 26.332  
                                                             Setup time           -(0.198)                 26.134  
----------------------------------------  -----------------  -------------------  --------  ---------------------  ------  
Required Time                                                                                              26.134  
Arrival Time                                                                                            -(19.696)  
----------------------------------------  -----------------  -------------------  --------  ---------------------  ------  
Path Slack  (Passed)                                                                                        6.437  




++++ Path 5 ++++++++++++++++++++++++++++++++++++++++++++++++++++++++++ 

Path Begin       : u_scanner/u_prescaler/count_21__i0/Q  (SLICE_R16C5C)
Path End         : u_scanner/u_prescaler/count_21__i18/D  (SLICE_R15C7C)
Source Clock     : clk (R)
Destination Clock: clk (R)
Logic Level      : 21
Delay Ratio      : 47.1% (route), 52.9% (logic)
Clock Skew       : 0.000 ns 
Setup Constraint : 20.833 ns 
Path Slack       : 6.714 ns  (Passed)


Source Clock Path
Name                                      Cell/Site Name     Delay Name           Incr      Arrival/Required Time  Fanout  
----------------------------------------  -----------------  -------------------  --------  ---------------------  ------  
hf_osc/CLKHF                              HFOSC_HFOSC_R1C32  CLOCK LATENCY           0.000                  0.000  23      
u_scanner/u_prescaler/clk                                    NET DELAY               5.499                  5.499  23      
{u_scanner/u_prescaler/count_21__i0/CK   u_scanner/u_prescaler/count_21__i1/CK}
                                                             CLOCK PIN               0.000                  5.499  1       


Data Path
Name                                      Cell/Site Name     Delay Name           Incr      Arrival/Required Time  Fanout  
----------------------------------------  -----------------  -------------------  --------  ---------------------  ------  
u_scanner/u_prescaler/count_21__i0/CK->u_scanner/u_prescaler/count_21__i0/Q
                                          SLICE_R16C5C       CLK_TO_Q0_DELAY         1.388                  6.887  2       
u_scanner/u_prescaler/div_count[0]                           NET DELAY               2.617                  9.504  2       
u_scanner/u_prescaler/count_21_add_4_1/C1->u_scanner/u_prescaler/count_21_add_4_1/CO1
                                          SLICE_R14C5A       C1_TO_COUT1_DELAY       0.343                  9.847  2       
u_scanner/u_prescaler/n281                                   NET DELAY               0.000                  9.847  2       
u_scanner/u_prescaler/count_21_add_4_3/CI0->u_scanner/u_prescaler/count_21_add_4_3/CO0
                                          SLICE_R14C5B       CIN0_TO_COUT0_DELAY     0.277                 10.124  2       
u_scanner/u_prescaler/n967                                   NET DELAY               0.000                 10.124  2       
u_scanner/u_prescaler/count_21_add_4_3/CI1->u_scanner/u_prescaler/count_21_add_4_3/CO1
                                          SLICE_R14C5B       CIN1_TO_COUT1_DELAY     0.277                 10.401  2       
u_scanner/u_prescaler/n283                                   NET DELAY               0.000                 10.401  2       
u_scanner/u_prescaler/count_21_add_4_5/CI0->u_scanner/u_prescaler/count_21_add_4_5/CO0
                                          SLICE_R14C5C       CIN0_TO_COUT0_DELAY     0.277                 10.678  2       
u_scanner/u_prescaler/n997                                   NET DELAY               0.000                 10.678  2       
u_scanner/u_prescaler/count_21_add_4_5/CI1->u_scanner/u_prescaler/count_21_add_4_5/CO1
                                          SLICE_R14C5C       CIN1_TO_COUT1_DELAY     0.277                 10.955  2       
u_scanner/u_prescaler/n285                                   NET DELAY               0.000                 10.955  2       
u_scanner/u_prescaler/count_21_add_4_7/CI0->u_scanner/u_prescaler/count_21_add_4_7/CO0
                                          SLICE_R14C5D       CIN0_TO_COUT0_DELAY     0.277                 11.232  2       
u_scanner/u_prescaler/n1000                                  NET DELAY               0.000                 11.232  2       
u_scanner/u_prescaler/count_21_add_4_7/CI1->u_scanner/u_prescaler/count_21_add_4_7/CO1
                                          SLICE_R14C5D       CIN1_TO_COUT1_DELAY     0.277                 11.509  2       
u_scanner/u_prescaler/n287                                   NET DELAY               0.555                 12.064  2       
u_scanner/u_prescaler/count_21_add_4_9/CI0->u_scanner/u_prescaler/count_21_add_4_9/CO0
                                          SLICE_R14C6A       CIN0_TO_COUT0_DELAY     0.277                 12.341  2       
u_scanner/u_prescaler/n1003                                  NET DELAY               0.000                 12.341  2       
u_scanner/u_prescaler/count_21_add_4_9/CI1->u_scanner/u_prescaler/count_21_add_4_9/CO1
                                          SLICE_R14C6A       CIN1_TO_COUT1_DELAY     0.277                 12.618  2       
u_scanner/u_prescaler/n289                                   NET DELAY               0.000                 12.618  2       
u_scanner/u_prescaler/count_21_add_4_11/CI0->u_scanner/u_prescaler/count_21_add_4_11/CO0
                                          SLICE_R14C6B       CIN0_TO_COUT0_DELAY     0.277                 12.895  2       
u_scanner/u_prescaler/n1006                                  NET DELAY               0.000                 12.895  2       
u_scanner/u_prescaler/count_21_add_4_11/CI1->u_scanner/u_prescaler/count_21_add_4_11/CO1
                                          SLICE_R14C6B       CIN1_TO_COUT1_DELAY     0.277                 13.172  2       
u_scanner/u_prescaler/n291                                   NET DELAY               0.000                 13.172  2       
u_scanner/u_prescaler/count_21_add_4_13/CI0->u_scanner/u_prescaler/count_21_add_4_13/CO0
                                          SLICE_R14C6C       CIN0_TO_COUT0_DELAY     0.277                 13.449  2       
u_scanner/u_prescaler/n1009                                  NET DELAY               0.000                 13.449  2       
u_scanner/u_prescaler/count_21_add_4_13/CI1->u_scanner/u_prescaler/count_21_add_4_13/CO1
                                          SLICE_R14C6C       CIN1_TO_COUT1_DELAY     0.277                 13.726  2       
u_scanner/u_prescaler/n293                                   NET DELAY               0.000                 13.726  2       
u_scanner/u_prescaler/count_21_add_4_15/CI0->u_scanner/u_prescaler/count_21_add_4_15/CO0
                                          SLICE_R14C6D       CIN0_TO_COUT0_DELAY     0.277                 14.003  2       
u_scanner/u_prescaler/n1012                                  NET DELAY               0.000                 14.003  2       
u_scanner/u_prescaler/count_21_add_4_15/CI1->u_scanner/u_prescaler/count_21_add_4_15/CO1
                                          SLICE_R14C6D       CIN1_TO_COUT1_DELAY     0.277                 14.280  2       
u_scanner/u_prescaler/n295                                   NET DELAY               0.555                 14.835  2       
u_scanner/u_prescaler/count_21_add_4_17/CI0->u_scanner/u_prescaler/count_21_add_4_17/CO0
                                          SLICE_R14C7A       CIN0_TO_COUT0_DELAY     0.277                 15.112  2       
u_scanner/u_prescaler/n1015                                  NET DELAY               0.000                 15.112  2       
u_scanner/u_prescaler/count_21_add_4_17/CI1->u_scanner/u_prescaler/count_21_add_4_17/CO1
                                          SLICE_R14C7A       CIN1_TO_COUT1_DELAY     0.277                 15.389  2       
u_scanner/u_prescaler/n297                                   NET DELAY               0.000                 15.389  2       
u_scanner/u_prescaler/count_21_add_4_19/CI0->u_scanner/u_prescaler/count_21_add_4_19/CO0
                                          SLICE_R14C7B       CIN0_TO_COUT0_DELAY     0.277                 15.666  2       
u_scanner/u_prescaler/n1018                                  NET DELAY               0.661                 16.327  2       
u_scanner/u_prescaler/count_21_add_4_19/D1->u_scanner/u_prescaler/count_21_add_4_19/S1
                                          SLICE_R14C7B       D1_TO_F1_DELAY          0.449                 16.776  1       
u_scanner/u_prescaler/n97[18]                                NET DELAY               2.168                 18.944  1       
u_scanner/u_prescaler/i179_2_lut/A->u_scanner/u_prescaler/i179_2_lut/Z
                                          SLICE_R15C7C       D1_TO_F1_DELAY          0.476                 19.420  1       
u_scanner/u_prescaler/div_count_22__N_19[18]
                                                             NET DELAY               0.000                 19.420  1       
u_scanner/u_prescaler/count_21__i18/D                        ENDPOINT                0.000                 19.420  1       


Destination Clock Path
Name                                      Cell/Site Name     Delay Name           Incr      Arrival/Required Time  Fanout  
----------------------------------------  -----------------  -------------------  --------  ---------------------  ------  
                                                             CONSTRAINT              0.000                 20.833  1       
hf_osc/CLKHF                              HFOSC_HFOSC_R1C32  CLOCK LATENCY           0.000                 20.833  23      
u_scanner/u_prescaler/clk                                    NET DELAY               5.499                 26.332  23      
{u_scanner/u_prescaler/count_21__i19/CK   u_scanner/u_prescaler/count_21__i18/CK}
                                                             CLOCK PIN               0.000                 26.332  1       
                                                             Uncertainty          -(0.000)                 26.332  
                                                             Setup time           -(0.198)                 26.134  
----------------------------------------  -----------------  -------------------  --------  ---------------------  ------  
Required Time                                                                                              26.134  
Arrival Time                                                                                            -(19.419)  
----------------------------------------  -----------------  -------------------  --------  ---------------------  ------  
Path Slack  (Passed)                                                                                        6.714  




++++ Path 6 ++++++++++++++++++++++++++++++++++++++++++++++++++++++++++ 

Path Begin       : u_scanner/u_prescaler/count_21__i20/Q  (SLICE_R16C7B)
Path End         : u_scanner/u_prescaler/count_21__i11/D  (SLICE_R16C7A)
Source Clock     : clk (R)
Destination Clock: clk (R)
Logic Level      : 5
Delay Ratio      : 76.9% (route), 23.1% (logic)
Clock Skew       : 0.000 ns 
Setup Constraint : 20.833 ns 
Path Slack       : 6.743 ns  (Passed)


Source Clock Path
Name                                      Cell/Site Name     Delay Name       Incr      Arrival/Required Time  Fanout  
----------------------------------------  -----------------  ---------------  --------  ---------------------  ------  
hf_osc/CLKHF                              HFOSC_HFOSC_R1C32  CLOCK LATENCY       0.000                  0.000  23      
u_scanner/u_prescaler/clk                                    NET DELAY           5.499                  5.499  23      
{u_scanner/u_prescaler/count_21__i21/CK   u_scanner/u_prescaler/count_21__i20/CK}
                                                             CLOCK PIN           0.000                  5.499  1       


Data Path
Name                                      Cell/Site Name     Delay Name       Incr      Arrival/Required Time  Fanout  
----------------------------------------  -----------------  ---------------  --------  ---------------------  ------  
u_scanner/u_prescaler/count_21__i20/CK->u_scanner/u_prescaler/count_21__i20/Q
                                          SLICE_R16C7B       CLK_TO_Q1_DELAY     1.388                  6.887  2       
u_scanner/u_prescaler/div_count[20]                          NET DELAY           2.670                  9.557  2       
u_scanner/i422_4_lut/D->u_scanner/i422_4_lut/Z
                                          SLICE_R15C7B       B0_TO_F0_DELAY      0.449                 10.006  1       
u_scanner/n578                                               NET DELAY           2.168                 12.174  1       
u_scanner/i430_4_lut/C->u_scanner/i430_4_lut/Z
                                          SLICE_R15C6A       D1_TO_F1_DELAY      0.449                 12.623  1       
u_scanner/n586                                               NET DELAY           2.168                 14.791  1       
u_scanner/i7_4_lut/D->u_scanner/i7_4_lut/Z
                                          SLICE_R15C6B       D1_TO_F1_DELAY      0.449                 15.240  25      
u_scanner/u_prescaler/tick_N_85                              NET DELAY           3.675                 18.915  25      
u_scanner/u_prescaler/i186_2_lut/B->u_scanner/u_prescaler/i186_2_lut/Z
                                          SLICE_R16C7A       B0_TO_F0_DELAY      0.476                 19.391  1       
u_scanner/u_prescaler/div_count_22__N_19[11]
                                                             NET DELAY           0.000                 19.391  1       
u_scanner/u_prescaler/count_21__i11/D                        ENDPOINT            0.000                 19.391  1       


Destination Clock Path
Name                                      Cell/Site Name     Delay Name       Incr      Arrival/Required Time  Fanout  
----------------------------------------  -----------------  ---------------  --------  ---------------------  ------  
                                                             CONSTRAINT          0.000                 20.833  1       
hf_osc/CLKHF                              HFOSC_HFOSC_R1C32  CLOCK LATENCY       0.000                 20.833  23      
u_scanner/u_prescaler/clk                                    NET DELAY           5.499                 26.332  23      
{u_scanner/u_prescaler/count_21__i11/CK   u_scanner/u_prescaler/count_21__i10/CK}
                                                             CLOCK PIN           0.000                 26.332  1       
                                                             Uncertainty      -(0.000)                 26.332  
                                                             Setup time       -(0.198)                 26.134  
----------------------------------------  -----------------  ---------------  --------  ---------------------  ------  
Required Time                                                                                          26.134  
Arrival Time                                                                                        -(19.390)  
----------------------------------------  -----------------  ---------------  --------  ---------------------  ------  
Path Slack  (Passed)                                                                                    6.743  




++++ Path 7 ++++++++++++++++++++++++++++++++++++++++++++++++++++++++++ 

Path Begin       : u_scanner/u_prescaler/count_21__i20/Q  (SLICE_R16C7B)
Path End         : u_scanner/u_prescaler/count_21__i17/D  (SLICE_R15C7D)
Source Clock     : clk (R)
Destination Clock: clk (R)
Logic Level      : 5
Delay Ratio      : 76.9% (route), 23.1% (logic)
Clock Skew       : 0.000 ns 
Setup Constraint : 20.833 ns 
Path Slack       : 6.743 ns  (Passed)


Source Clock Path
Name                                      Cell/Site Name     Delay Name       Incr      Arrival/Required Time  Fanout  
----------------------------------------  -----------------  ---------------  --------  ---------------------  ------  
hf_osc/CLKHF                              HFOSC_HFOSC_R1C32  CLOCK LATENCY       0.000                  0.000  23      
u_scanner/u_prescaler/clk                                    NET DELAY           5.499                  5.499  23      
{u_scanner/u_prescaler/count_21__i21/CK   u_scanner/u_prescaler/count_21__i20/CK}
                                                             CLOCK PIN           0.000                  5.499  1       


Data Path
Name                                      Cell/Site Name     Delay Name       Incr      Arrival/Required Time  Fanout  
----------------------------------------  -----------------  ---------------  --------  ---------------------  ------  
u_scanner/u_prescaler/count_21__i20/CK->u_scanner/u_prescaler/count_21__i20/Q
                                          SLICE_R16C7B       CLK_TO_Q1_DELAY     1.388                  6.887  2       
u_scanner/u_prescaler/div_count[20]                          NET DELAY           2.670                  9.557  2       
u_scanner/i422_4_lut/D->u_scanner/i422_4_lut/Z
                                          SLICE_R15C7B       B0_TO_F0_DELAY      0.449                 10.006  1       
u_scanner/n578                                               NET DELAY           2.168                 12.174  1       
u_scanner/i430_4_lut/C->u_scanner/i430_4_lut/Z
                                          SLICE_R15C6A       D1_TO_F1_DELAY      0.449                 12.623  1       
u_scanner/n586                                               NET DELAY           2.168                 14.791  1       
u_scanner/i7_4_lut/D->u_scanner/i7_4_lut/Z
                                          SLICE_R15C6B       D1_TO_F1_DELAY      0.449                 15.240  25      
u_scanner/u_prescaler/tick_N_85                              NET DELAY           3.675                 18.915  25      
u_scanner/u_prescaler/i180_2_lut/B->u_scanner/u_prescaler/i180_2_lut/Z
                                          SLICE_R15C7D       B0_TO_F0_DELAY      0.476                 19.391  1       
u_scanner/u_prescaler/div_count_22__N_19[17]
                                                             NET DELAY           0.000                 19.391  1       
u_scanner/u_prescaler/count_21__i17/D                        ENDPOINT            0.000                 19.391  1       


Destination Clock Path
Name                                      Cell/Site Name     Delay Name       Incr      Arrival/Required Time  Fanout  
----------------------------------------  -----------------  ---------------  --------  ---------------------  ------  
                                                             CONSTRAINT          0.000                 20.833  1       
hf_osc/CLKHF                              HFOSC_HFOSC_R1C32  CLOCK LATENCY       0.000                 20.833  23      
u_scanner/u_prescaler/clk                                    NET DELAY           5.499                 26.332  23      
{u_scanner/u_prescaler/count_21__i17/CK   u_scanner/u_prescaler/count_21__i16/CK}
                                                             CLOCK PIN           0.000                 26.332  1       
                                                             Uncertainty      -(0.000)                 26.332  
                                                             Setup time       -(0.198)                 26.134  
----------------------------------------  -----------------  ---------------  --------  ---------------------  ------  
Required Time                                                                                          26.134  
Arrival Time                                                                                        -(19.390)  
----------------------------------------  -----------------  ---------------  --------  ---------------------  ------  
Path Slack  (Passed)                                                                                    6.743  




++++ Path 8 ++++++++++++++++++++++++++++++++++++++++++++++++++++++++++ 

Path Begin       : u_scanner/u_prescaler/count_21__i20/Q  (SLICE_R16C7B)
Path End         : u_scanner/u_prescaler/count_21__i10/D  (SLICE_R16C7A)
Source Clock     : clk (R)
Destination Clock: clk (R)
Logic Level      : 5
Delay Ratio      : 76.8% (route), 23.2% (logic)
Clock Skew       : 0.000 ns 
Setup Constraint : 20.833 ns 
Path Slack       : 6.796 ns  (Passed)


Source Clock Path
Name                                      Cell/Site Name     Delay Name       Incr      Arrival/Required Time  Fanout  
----------------------------------------  -----------------  ---------------  --------  ---------------------  ------  
hf_osc/CLKHF                              HFOSC_HFOSC_R1C32  CLOCK LATENCY       0.000                  0.000  23      
u_scanner/u_prescaler/clk                                    NET DELAY           5.499                  5.499  23      
{u_scanner/u_prescaler/count_21__i21/CK   u_scanner/u_prescaler/count_21__i20/CK}
                                                             CLOCK PIN           0.000                  5.499  1       


Data Path
Name                                      Cell/Site Name     Delay Name       Incr      Arrival/Required Time  Fanout  
----------------------------------------  -----------------  ---------------  --------  ---------------------  ------  
u_scanner/u_prescaler/count_21__i20/CK->u_scanner/u_prescaler/count_21__i20/Q
                                          SLICE_R16C7B       CLK_TO_Q1_DELAY     1.388                  6.887  2       
u_scanner/u_prescaler/div_count[20]                          NET DELAY           2.670                  9.557  2       
u_scanner/i422_4_lut/D->u_scanner/i422_4_lut/Z
                                          SLICE_R15C7B       B0_TO_F0_DELAY      0.449                 10.006  1       
u_scanner/n578                                               NET DELAY           2.168                 12.174  1       
u_scanner/i430_4_lut/C->u_scanner/i430_4_lut/Z
                                          SLICE_R15C6A       D1_TO_F1_DELAY      0.449                 12.623  1       
u_scanner/n586                                               NET DELAY           2.168                 14.791  1       
u_scanner/i7_4_lut/D->u_scanner/i7_4_lut/Z
                                          SLICE_R15C6B       D1_TO_F1_DELAY      0.449                 15.240  25      
u_scanner/u_prescaler/tick_N_85                              NET DELAY           3.622                 18.862  25      
u_scanner/u_prescaler/i187_2_lut/B->u_scanner/u_prescaler/i187_2_lut/Z
                                          SLICE_R16C7A       C1_TO_F1_DELAY      0.476                 19.338  1       
u_scanner/u_prescaler/div_count_22__N_19[10]
                                                             NET DELAY           0.000                 19.338  1       
u_scanner/u_prescaler/count_21__i10/D                        ENDPOINT            0.000                 19.338  1       


Destination Clock Path
Name                                      Cell/Site Name     Delay Name       Incr      Arrival/Required Time  Fanout  
----------------------------------------  -----------------  ---------------  --------  ---------------------  ------  
                                                             CONSTRAINT          0.000                 20.833  1       
hf_osc/CLKHF                              HFOSC_HFOSC_R1C32  CLOCK LATENCY       0.000                 20.833  23      
u_scanner/u_prescaler/clk                                    NET DELAY           5.499                 26.332  23      
{u_scanner/u_prescaler/count_21__i11/CK   u_scanner/u_prescaler/count_21__i10/CK}
                                                             CLOCK PIN           0.000                 26.332  1       
                                                             Uncertainty      -(0.000)                 26.332  
                                                             Setup time       -(0.198)                 26.134  
----------------------------------------  -----------------  ---------------  --------  ---------------------  ------  
Required Time                                                                                          26.134  
Arrival Time                                                                                        -(19.337)  
----------------------------------------  -----------------  ---------------  --------  ---------------------  ------  
Path Slack  (Passed)                                                                                    6.796  




++++ Path 9 ++++++++++++++++++++++++++++++++++++++++++++++++++++++++++ 

Path Begin       : u_scanner/u_prescaler/count_21__i20/Q  (SLICE_R16C7B)
Path End         : u_scanner/u_prescaler/count_21__i16/D  (SLICE_R15C7D)
Source Clock     : clk (R)
Destination Clock: clk (R)
Logic Level      : 5
Delay Ratio      : 76.8% (route), 23.2% (logic)
Clock Skew       : 0.000 ns 
Setup Constraint : 20.833 ns 
Path Slack       : 6.796 ns  (Passed)


Source Clock Path
Name                                      Cell/Site Name     Delay Name       Incr      Arrival/Required Time  Fanout  
----------------------------------------  -----------------  ---------------  --------  ---------------------  ------  
hf_osc/CLKHF                              HFOSC_HFOSC_R1C32  CLOCK LATENCY       0.000                  0.000  23      
u_scanner/u_prescaler/clk                                    NET DELAY           5.499                  5.499  23      
{u_scanner/u_prescaler/count_21__i21/CK   u_scanner/u_prescaler/count_21__i20/CK}
                                                             CLOCK PIN           0.000                  5.499  1       


Data Path
Name                                      Cell/Site Name     Delay Name       Incr      Arrival/Required Time  Fanout  
----------------------------------------  -----------------  ---------------  --------  ---------------------  ------  
u_scanner/u_prescaler/count_21__i20/CK->u_scanner/u_prescaler/count_21__i20/Q
                                          SLICE_R16C7B       CLK_TO_Q1_DELAY     1.388                  6.887  2       
u_scanner/u_prescaler/div_count[20]                          NET DELAY           2.670                  9.557  2       
u_scanner/i422_4_lut/D->u_scanner/i422_4_lut/Z
                                          SLICE_R15C7B       B0_TO_F0_DELAY      0.449                 10.006  1       
u_scanner/n578                                               NET DELAY           2.168                 12.174  1       
u_scanner/i430_4_lut/C->u_scanner/i430_4_lut/Z
                                          SLICE_R15C6A       D1_TO_F1_DELAY      0.449                 12.623  1       
u_scanner/n586                                               NET DELAY           2.168                 14.791  1       
u_scanner/i7_4_lut/D->u_scanner/i7_4_lut/Z
                                          SLICE_R15C6B       D1_TO_F1_DELAY      0.449                 15.240  25      
u_scanner/u_prescaler/tick_N_85                              NET DELAY           3.622                 18.862  25      
u_scanner/u_prescaler/i181_2_lut/B->u_scanner/u_prescaler/i181_2_lut/Z
                                          SLICE_R15C7D       C1_TO_F1_DELAY      0.476                 19.338  1       
u_scanner/u_prescaler/div_count_22__N_19[16]
                                                             NET DELAY           0.000                 19.338  1       
u_scanner/u_prescaler/count_21__i16/D                        ENDPOINT            0.000                 19.338  1       


Destination Clock Path
Name                                      Cell/Site Name     Delay Name       Incr      Arrival/Required Time  Fanout  
----------------------------------------  -----------------  ---------------  --------  ---------------------  ------  
                                                             CONSTRAINT          0.000                 20.833  1       
hf_osc/CLKHF                              HFOSC_HFOSC_R1C32  CLOCK LATENCY       0.000                 20.833  23      
u_scanner/u_prescaler/clk                                    NET DELAY           5.499                 26.332  23      
{u_scanner/u_prescaler/count_21__i17/CK   u_scanner/u_prescaler/count_21__i16/CK}
                                                             CLOCK PIN           0.000                 26.332  1       
                                                             Uncertainty      -(0.000)                 26.332  
                                                             Setup time       -(0.198)                 26.134  
----------------------------------------  -----------------  ---------------  --------  ---------------------  ------  
Required Time                                                                                          26.134  
Arrival Time                                                                                        -(19.337)  
----------------------------------------  -----------------  ---------------  --------  ---------------------  ------  
Path Slack  (Passed)                                                                                    6.796  




++++ Path 10 ++++++++++++++++++++++++++++++++++++++++++++++++++++++++++ 

Path Begin       : u_scanner/u_prescaler/count_21__i20/Q  (SLICE_R16C7B)
Path End         : u_scanner/u_prescaler/count_21__i2/D  (SLICE_R15C5B)
Source Clock     : clk (R)
Destination Clock: clk (R)
Logic Level      : 5
Delay Ratio      : 75.9% (route), 24.1% (logic)
Clock Skew       : 0.000 ns 
Setup Constraint : 20.833 ns 
Path Slack       : 7.338 ns  (Passed)


Source Clock Path
Name                                      Cell/Site Name     Delay Name       Incr      Arrival/Required Time  Fanout  
----------------------------------------  -----------------  ---------------  --------  ---------------------  ------  
hf_osc/CLKHF                              HFOSC_HFOSC_R1C32  CLOCK LATENCY       0.000                  0.000  23      
u_scanner/u_prescaler/clk                                    NET DELAY           5.499                  5.499  23      
{u_scanner/u_prescaler/count_21__i21/CK   u_scanner/u_prescaler/count_21__i20/CK}
                                                             CLOCK PIN           0.000                  5.499  1       


Data Path
Name                                      Cell/Site Name     Delay Name       Incr      Arrival/Required Time  Fanout  
----------------------------------------  -----------------  ---------------  --------  ---------------------  ------  
u_scanner/u_prescaler/count_21__i20/CK->u_scanner/u_prescaler/count_21__i20/Q
                                          SLICE_R16C7B       CLK_TO_Q1_DELAY     1.388                  6.887  2       
u_scanner/u_prescaler/div_count[20]                          NET DELAY           2.670                  9.557  2       
u_scanner/i422_4_lut/D->u_scanner/i422_4_lut/Z
                                          SLICE_R15C7B       B0_TO_F0_DELAY      0.449                 10.006  1       
u_scanner/n578                                               NET DELAY           2.168                 12.174  1       
u_scanner/i430_4_lut/C->u_scanner/i430_4_lut/Z
                                          SLICE_R15C6A       D1_TO_F1_DELAY      0.449                 12.623  1       
u_scanner/n586                                               NET DELAY           2.168                 14.791  1       
u_scanner/i7_4_lut/D->u_scanner/i7_4_lut/Z
                                          SLICE_R15C6B       D1_TO_F1_DELAY      0.449                 15.240  25      
u_scanner/u_prescaler/tick_N_85                              NET DELAY           3.080                 18.320  25      
u_scanner/u_prescaler/i195_2_lut/B->u_scanner/u_prescaler/i195_2_lut/Z
                                          SLICE_R15C5B       B0_TO_F0_DELAY      0.476                 18.796  1       
u_scanner/u_prescaler/div_count_22__N_19[2]
                                                             NET DELAY           0.000                 18.796  1       
u_scanner/u_prescaler/count_21__i2/D                         ENDPOINT            0.000                 18.796  1       


Destination Clock Path
Name                                      Cell/Site Name     Delay Name       Incr      Arrival/Required Time  Fanout  
----------------------------------------  -----------------  ---------------  --------  ---------------------  ------  
                                                             CONSTRAINT          0.000                 20.833  1       
hf_osc/CLKHF                              HFOSC_HFOSC_R1C32  CLOCK LATENCY       0.000                 20.833  23      
u_scanner/u_prescaler/clk                                    NET DELAY           5.499                 26.332  23      
{u_scanner/u_prescaler/count_21__i2/CK   u_scanner/u_prescaler/count_21__i3/CK}
                                                             CLOCK PIN           0.000                 26.332  1       
                                                             Uncertainty      -(0.000)                 26.332  
                                                             Setup time       -(0.198)                 26.134  
----------------------------------------  -----------------  ---------------  --------  ---------------------  ------  
Required Time                                                                                          26.134  
Arrival Time                                                                                        -(18.795)  
----------------------------------------  -----------------  ---------------  --------  ---------------------  ------  
Path Slack  (Passed)                                                                                    7.338  



+++++++++++++++++++++++++++++++++++++++++++++++++++++++++++++++++++++ 
                    End of Detailed Report for timing paths 
+++++++++++++++++++++++++++++++++++++++++++++++++++++++++++++++++++++ 


##########################################################



===============================================================
3  Hold at Speed Grade m Corner at -40 Degrees
===============================================================

3.1  Endpoint slacks
=======================
-------------------------------------------------------
          Listing 10 End Points          |    Slack    
-------------------------------------------------------
u_scanner/u_state_ctr/count_22__i1/D     |    1.743 ns 
u_scanner/u_state_ctr/count_22__i0/D     |    1.743 ns 
u_mux_counter/count_20__i10/D            |    1.913 ns 
u_mux_counter/count_20__i11/D            |    1.913 ns 
u_mux_counter/count_20__i12/D            |    1.913 ns 
u_mux_counter/count_20__i13/D            |    1.913 ns 
u_mux_counter/count_20__i14/D            |    1.913 ns 
u_mux_counter/count_20__i15/D            |    1.913 ns 
u_mux_counter/count_20__i16/D            |    1.913 ns 
u_mux_counter/count_20__i17/D            |    1.913 ns 
-------------------------------------------------------
                                         |             
Hold # of endpoints with negative slack: |           0 
                                         |             
-------------------------------------------------------

3.2  Detailed Report
=======================


XXXXXXXXXXXXXXXXXXXXXXXXXXXXXXXXXXXXXXXXXXXXXXXXXXXXXXXXXX

Detail report of critical paths

XXXXXXXXXXXXXXXXXXXXXXXXXXXXXXXXXXXXXXXXXXXXXXXXXXXXXXXXXX

+++++++++++++++++++++++++++++++++++++++++++++++++++++++++++++++++++++ 
                    Detailed Report for timing paths 
+++++++++++++++++++++++++++++++++++++++++++++++++++++++++++++++++++++ 

++++ Path 1 ++++++++++++++++++++++++++++++++++++++++++++++++++++++++++ 

Path Begin       : u_scanner/u_state_ctr/count_22__i1/Q  (SLICE_R16C5A)
Path End         : u_scanner/u_state_ctr/count_22__i1/D  (SLICE_R16C5A)
Source Clock     : clk (R)
Destination Clock: clk (R)
Logic Level      : 2
Delay Ratio      : 40.8% (route), 59.2% (logic)
Clock Skew       : 0.000 ns 
Hold Constraint  : 0.000 ns 
Path Slack       : 1.743 ns  (Passed)


Source Clock Path
Name                                      Cell/Site Name     Delay Name       Incr   Arrival/Required Time  Fanout  
----------------------------------------  -----------------  ---------------  -----  ---------------------  ------  
hf_osc/CLKHF                              HFOSC_HFOSC_R1C32  CLOCK LATENCY    0.000                  0.000  24      
u_scanner/u_prescaler/clk                                    NET DELAY        3.084                  3.084  24      
{u_scanner/u_state_ctr/count_22__i1/CK   u_scanner/u_state_ctr/count_22__i0/CK}
                                                             CLOCK PIN        0.000                  3.084  1       


Data Path
Name                                      Cell/Site Name     Delay Name       Incr   Arrival/Required Time  Fanout  
----------------------------------------  -----------------  ---------------  -----  ---------------------  ------  
u_scanner/u_state_ctr/count_22__i1/CK->u_scanner/u_state_ctr/count_22__i1/Q
                                          SLICE_R16C5A       CLK_TO_Q0_DELAY  0.779                  3.863  5       
u_scanner/u_state_ctr/state[1]                               NET DELAY        0.712                  4.575  5       
u_scanner/u_state_ctr/i223_3_lut/A->u_scanner/u_state_ctr/i223_3_lut/Z
                                          SLICE_R16C5A       D0_TO_F0_DELAY   0.252                  4.827  1       
u_scanner/u_state_ctr/state_1__N_65[1]                       NET DELAY        0.000                  4.827  1       
u_scanner/u_state_ctr/count_22__i1/D                         ENDPOINT         0.000                  4.827  1       


Destination Clock Path
Name                                      Cell/Site Name     Delay Name       Incr   Arrival/Required Time  Fanout  
----------------------------------------  -----------------  ---------------  -----  ---------------------  ------  
                                                             CONSTRAINT       0.000                  0.000  1       
hf_osc/CLKHF                              HFOSC_HFOSC_R1C32  CLOCK LATENCY    0.000                  0.000  24      
u_scanner/u_prescaler/clk                                    NET DELAY        3.084                  3.084  24      
{u_scanner/u_state_ctr/count_22__i1/CK   u_scanner/u_state_ctr/count_22__i0/CK}
                                                             CLOCK PIN        0.000                  3.084  1       
                                                             Uncertainty      0.000                  3.084  
                                                             Hold time        0.000                  3.084  
----------------------------------------  -----------------  ---------------  -----  ---------------------  ------  
Required Time                                                                                       -3.084  
Arrival Time                                                                                         4.827  
----------------------------------------  -----------------  ---------------  -----  ---------------------  ------  
Path Slack  (Passed)                                                                                 1.743  




++++ Path 2 ++++++++++++++++++++++++++++++++++++++++++++++++++++++++++ 

Path Begin       : u_scanner/u_state_ctr/count_22__i0/Q  (SLICE_R16C5A)
Path End         : u_scanner/u_state_ctr/count_22__i0/D  (SLICE_R16C5A)
Source Clock     : clk (R)
Destination Clock: clk (R)
Logic Level      : 2
Delay Ratio      : 40.8% (route), 59.2% (logic)
Clock Skew       : 0.000 ns 
Hold Constraint  : 0.000 ns 
Path Slack       : 1.743 ns  (Passed)


Source Clock Path
Name                                      Cell/Site Name     Delay Name       Incr   Arrival/Required Time  Fanout  
----------------------------------------  -----------------  ---------------  -----  ---------------------  ------  
hf_osc/CLKHF                              HFOSC_HFOSC_R1C32  CLOCK LATENCY    0.000                  0.000  24      
u_scanner/u_prescaler/clk                                    NET DELAY        3.084                  3.084  24      
{u_scanner/u_state_ctr/count_22__i1/CK   u_scanner/u_state_ctr/count_22__i0/CK}
                                                             CLOCK PIN        0.000                  3.084  1       


Data Path
Name                                      Cell/Site Name     Delay Name       Incr   Arrival/Required Time  Fanout  
----------------------------------------  -----------------  ---------------  -----  ---------------------  ------  
u_scanner/u_state_ctr/count_22__i0/CK->u_scanner/u_state_ctr/count_22__i0/Q
                                          SLICE_R16C5A       CLK_TO_Q1_DELAY  0.779                  3.863  6       
u_scanner/u_state_ctr/state[0]                               NET DELAY        0.712                  4.575  6       
u_scanner/u_state_ctr/i1_2_lut/B->u_scanner/u_state_ctr/i1_2_lut/Z
                                          SLICE_R16C5A       D1_TO_F1_DELAY   0.252                  4.827  1       
u_scanner/u_state_ctr/n451                                   NET DELAY        0.000                  4.827  1       
u_scanner/u_state_ctr/count_22__i0/D                         ENDPOINT         0.000                  4.827  1       


Destination Clock Path
Name                                      Cell/Site Name     Delay Name       Incr   Arrival/Required Time  Fanout  
----------------------------------------  -----------------  ---------------  -----  ---------------------  ------  
                                                             CONSTRAINT       0.000                  0.000  1       
hf_osc/CLKHF                              HFOSC_HFOSC_R1C32  CLOCK LATENCY    0.000                  0.000  24      
u_scanner/u_prescaler/clk                                    NET DELAY        3.084                  3.084  24      
{u_scanner/u_state_ctr/count_22__i1/CK   u_scanner/u_state_ctr/count_22__i0/CK}
                                                             CLOCK PIN        0.000                  3.084  1       
                                                             Uncertainty      0.000                  3.084  
                                                             Hold time        0.000                  3.084  
----------------------------------------  -----------------  ---------------  -----  ---------------------  ------  
Required Time                                                                                       -3.084  
Arrival Time                                                                                         4.827  
----------------------------------------  -----------------  ---------------  -----  ---------------------  ------  
Path Slack  (Passed)                                                                                 1.743  




++++ Path 3 ++++++++++++++++++++++++++++++++++++++++++++++++++++++++++ 

Path Begin       : u_mux_counter/count_20__i10/Q  (SLICE_R13C6B)
Path End         : u_mux_counter/count_20__i10/D  (SLICE_R13C6B)
Source Clock     : clk (R)
Destination Clock: clk (R)
Logic Level      : 2
Delay Ratio      : 46.1% (route), 53.9% (logic)
Clock Skew       : 0.000 ns 
Hold Constraint  : 0.000 ns 
Path Slack       : 1.913 ns  (Passed)


Source Clock Path
Name                                      Cell/Site Name     Delay Name       Incr   Arrival/Required Time  Fanout  
----------------------------------------  -----------------  ---------------  -----  ---------------------  ------  
hf_osc/CLKHF                              HFOSC_HFOSC_R1C32  CLOCK LATENCY    0.000                  0.000  24      
u_scanner/u_prescaler/clk                                    NET DELAY        3.084                  3.084  24      
{u_mux_counter/count_20__i10/CK   u_mux_counter/count_20__i11/CK}
                                                             CLOCK PIN        0.000                  3.084  1       


Data Path
Name                                      Cell/Site Name     Delay Name       Incr   Arrival/Required Time  Fanout  
----------------------------------------  -----------------  ---------------  -----  ---------------------  ------  
u_mux_counter/count_20__i10/CK->u_mux_counter/count_20__i10/Q
                                          SLICE_R13C6B       CLK_TO_Q0_DELAY  0.779                  3.863  1       
u_mux_counter/n8                                             NET DELAY        0.882                  4.745  1       
u_mux_counter/count_20_add_4_11/C0->u_mux_counter/count_20_add_4_11/S0
                                          SLICE_R13C6B       C0_TO_F0_DELAY   0.252                  4.997  1       
u_mux_counter/anode_n_c_N_76[9]                              NET DELAY        0.000                  4.997  1       
u_mux_counter/count_20__i10/D                                ENDPOINT         0.000                  4.997  1       


Destination Clock Path
Name                                      Cell/Site Name     Delay Name       Incr   Arrival/Required Time  Fanout  
----------------------------------------  -----------------  ---------------  -----  ---------------------  ------  
                                                             CONSTRAINT       0.000                  0.000  1       
hf_osc/CLKHF                              HFOSC_HFOSC_R1C32  CLOCK LATENCY    0.000                  0.000  24      
u_scanner/u_prescaler/clk                                    NET DELAY        3.084                  3.084  24      
{u_mux_counter/count_20__i10/CK   u_mux_counter/count_20__i11/CK}
                                                             CLOCK PIN        0.000                  3.084  1       
                                                             Uncertainty      0.000                  3.084  
                                                             Hold time        0.000                  3.084  
----------------------------------------  -----------------  ---------------  -----  ---------------------  ------  
Required Time                                                                                       -3.084  
Arrival Time                                                                                         4.997  
----------------------------------------  -----------------  ---------------  -----  ---------------------  ------  
Path Slack  (Passed)                                                                                 1.913  




++++ Path 4 ++++++++++++++++++++++++++++++++++++++++++++++++++++++++++ 

Path Begin       : u_mux_counter/count_20__i11/Q  (SLICE_R13C6B)
Path End         : u_mux_counter/count_20__i11/D  (SLICE_R13C6B)
Source Clock     : clk (R)
Destination Clock: clk (R)
Logic Level      : 2
Delay Ratio      : 46.1% (route), 53.9% (logic)
Clock Skew       : 0.000 ns 
Hold Constraint  : 0.000 ns 
Path Slack       : 1.913 ns  (Passed)


Source Clock Path
Name                                      Cell/Site Name     Delay Name       Incr   Arrival/Required Time  Fanout  
----------------------------------------  -----------------  ---------------  -----  ---------------------  ------  
hf_osc/CLKHF                              HFOSC_HFOSC_R1C32  CLOCK LATENCY    0.000                  0.000  24      
u_scanner/u_prescaler/clk                                    NET DELAY        3.084                  3.084  24      
{u_mux_counter/count_20__i10/CK   u_mux_counter/count_20__i11/CK}
                                                             CLOCK PIN        0.000                  3.084  1       


Data Path
Name                                      Cell/Site Name     Delay Name       Incr   Arrival/Required Time  Fanout  
----------------------------------------  -----------------  ---------------  -----  ---------------------  ------  
u_mux_counter/count_20__i11/CK->u_mux_counter/count_20__i11/Q
                                          SLICE_R13C6B       CLK_TO_Q1_DELAY  0.779                  3.863  1       
u_mux_counter/n7                                             NET DELAY        0.882                  4.745  1       
u_mux_counter/count_20_add_4_11/C1->u_mux_counter/count_20_add_4_11/S1
                                          SLICE_R13C6B       C1_TO_F1_DELAY   0.252                  4.997  1       
u_mux_counter/anode_n_c_N_76[10]                             NET DELAY        0.000                  4.997  1       
u_mux_counter/count_20__i11/D                                ENDPOINT         0.000                  4.997  1       


Destination Clock Path
Name                                      Cell/Site Name     Delay Name       Incr   Arrival/Required Time  Fanout  
----------------------------------------  -----------------  ---------------  -----  ---------------------  ------  
                                                             CONSTRAINT       0.000                  0.000  1       
hf_osc/CLKHF                              HFOSC_HFOSC_R1C32  CLOCK LATENCY    0.000                  0.000  24      
u_scanner/u_prescaler/clk                                    NET DELAY        3.084                  3.084  24      
{u_mux_counter/count_20__i10/CK   u_mux_counter/count_20__i11/CK}
                                                             CLOCK PIN        0.000                  3.084  1       
                                                             Uncertainty      0.000                  3.084  
                                                             Hold time        0.000                  3.084  
----------------------------------------  -----------------  ---------------  -----  ---------------------  ------  
Required Time                                                                                       -3.084  
Arrival Time                                                                                         4.997  
----------------------------------------  -----------------  ---------------  -----  ---------------------  ------  
Path Slack  (Passed)                                                                                 1.913  




++++ Path 5 ++++++++++++++++++++++++++++++++++++++++++++++++++++++++++ 

Path Begin       : u_mux_counter/count_20__i12/Q  (SLICE_R13C6C)
Path End         : u_mux_counter/count_20__i12/D  (SLICE_R13C6C)
Source Clock     : clk (R)
Destination Clock: clk (R)
Logic Level      : 2
Delay Ratio      : 46.1% (route), 53.9% (logic)
Clock Skew       : 0.000 ns 
Hold Constraint  : 0.000 ns 
Path Slack       : 1.913 ns  (Passed)


Source Clock Path
Name                                      Cell/Site Name     Delay Name       Incr   Arrival/Required Time  Fanout  
----------------------------------------  -----------------  ---------------  -----  ---------------------  ------  
hf_osc/CLKHF                              HFOSC_HFOSC_R1C32  CLOCK LATENCY    0.000                  0.000  24      
u_scanner/u_prescaler/clk                                    NET DELAY        3.084                  3.084  24      
{u_mux_counter/count_20__i12/CK   u_mux_counter/count_20__i13/CK}
                                                             CLOCK PIN        0.000                  3.084  1       


Data Path
Name                                      Cell/Site Name     Delay Name       Incr   Arrival/Required Time  Fanout  
----------------------------------------  -----------------  ---------------  -----  ---------------------  ------  
u_mux_counter/count_20__i12/CK->u_mux_counter/count_20__i12/Q
                                          SLICE_R13C6C       CLK_TO_Q0_DELAY  0.779                  3.863  1       
u_mux_counter/n6                                             NET DELAY        0.882                  4.745  1       
u_mux_counter/count_20_add_4_13/C0->u_mux_counter/count_20_add_4_13/S0
                                          SLICE_R13C6C       C0_TO_F0_DELAY   0.252                  4.997  1       
u_mux_counter/anode_n_c_N_76[11]                             NET DELAY        0.000                  4.997  1       
u_mux_counter/count_20__i12/D                                ENDPOINT         0.000                  4.997  1       


Destination Clock Path
Name                                      Cell/Site Name     Delay Name       Incr   Arrival/Required Time  Fanout  
----------------------------------------  -----------------  ---------------  -----  ---------------------  ------  
                                                             CONSTRAINT       0.000                  0.000  1       
hf_osc/CLKHF                              HFOSC_HFOSC_R1C32  CLOCK LATENCY    0.000                  0.000  24      
u_scanner/u_prescaler/clk                                    NET DELAY        3.084                  3.084  24      
{u_mux_counter/count_20__i12/CK   u_mux_counter/count_20__i13/CK}
                                                             CLOCK PIN        0.000                  3.084  1       
                                                             Uncertainty      0.000                  3.084  
                                                             Hold time        0.000                  3.084  
----------------------------------------  -----------------  ---------------  -----  ---------------------  ------  
Required Time                                                                                       -3.084  
Arrival Time                                                                                         4.997  
----------------------------------------  -----------------  ---------------  -----  ---------------------  ------  
Path Slack  (Passed)                                                                                 1.913  




++++ Path 6 ++++++++++++++++++++++++++++++++++++++++++++++++++++++++++ 

Path Begin       : u_mux_counter/count_20__i13/Q  (SLICE_R13C6C)
Path End         : u_mux_counter/count_20__i13/D  (SLICE_R13C6C)
Source Clock     : clk (R)
Destination Clock: clk (R)
Logic Level      : 2
Delay Ratio      : 46.1% (route), 53.9% (logic)
Clock Skew       : 0.000 ns 
Hold Constraint  : 0.000 ns 
Path Slack       : 1.913 ns  (Passed)


Source Clock Path
Name                                      Cell/Site Name     Delay Name       Incr   Arrival/Required Time  Fanout  
----------------------------------------  -----------------  ---------------  -----  ---------------------  ------  
hf_osc/CLKHF                              HFOSC_HFOSC_R1C32  CLOCK LATENCY    0.000                  0.000  24      
u_scanner/u_prescaler/clk                                    NET DELAY        3.084                  3.084  24      
{u_mux_counter/count_20__i12/CK   u_mux_counter/count_20__i13/CK}
                                                             CLOCK PIN        0.000                  3.084  1       


Data Path
Name                                      Cell/Site Name     Delay Name       Incr   Arrival/Required Time  Fanout  
----------------------------------------  -----------------  ---------------  -----  ---------------------  ------  
u_mux_counter/count_20__i13/CK->u_mux_counter/count_20__i13/Q
                                          SLICE_R13C6C       CLK_TO_Q1_DELAY  0.779                  3.863  1       
u_mux_counter/n5                                             NET DELAY        0.882                  4.745  1       
u_mux_counter/count_20_add_4_13/C1->u_mux_counter/count_20_add_4_13/S1
                                          SLICE_R13C6C       C1_TO_F1_DELAY   0.252                  4.997  1       
u_mux_counter/anode_n_c_N_76[12]                             NET DELAY        0.000                  4.997  1       
u_mux_counter/count_20__i13/D                                ENDPOINT         0.000                  4.997  1       


Destination Clock Path
Name                                      Cell/Site Name     Delay Name       Incr   Arrival/Required Time  Fanout  
----------------------------------------  -----------------  ---------------  -----  ---------------------  ------  
                                                             CONSTRAINT       0.000                  0.000  1       
hf_osc/CLKHF                              HFOSC_HFOSC_R1C32  CLOCK LATENCY    0.000                  0.000  24      
u_scanner/u_prescaler/clk                                    NET DELAY        3.084                  3.084  24      
{u_mux_counter/count_20__i12/CK   u_mux_counter/count_20__i13/CK}
                                                             CLOCK PIN        0.000                  3.084  1       
                                                             Uncertainty      0.000                  3.084  
                                                             Hold time        0.000                  3.084  
----------------------------------------  -----------------  ---------------  -----  ---------------------  ------  
Required Time                                                                                       -3.084  
Arrival Time                                                                                         4.997  
----------------------------------------  -----------------  ---------------  -----  ---------------------  ------  
Path Slack  (Passed)                                                                                 1.913  




++++ Path 7 ++++++++++++++++++++++++++++++++++++++++++++++++++++++++++ 

Path Begin       : u_mux_counter/count_20__i14/Q  (SLICE_R13C6D)
Path End         : u_mux_counter/count_20__i14/D  (SLICE_R13C6D)
Source Clock     : clk (R)
Destination Clock: clk (R)
Logic Level      : 2
Delay Ratio      : 46.1% (route), 53.9% (logic)
Clock Skew       : 0.000 ns 
Hold Constraint  : 0.000 ns 
Path Slack       : 1.913 ns  (Passed)


Source Clock Path
Name                                      Cell/Site Name     Delay Name       Incr   Arrival/Required Time  Fanout  
----------------------------------------  -----------------  ---------------  -----  ---------------------  ------  
hf_osc/CLKHF                              HFOSC_HFOSC_R1C32  CLOCK LATENCY    0.000                  0.000  24      
u_scanner/u_prescaler/clk                                    NET DELAY        3.084                  3.084  24      
{u_mux_counter/count_20__i14/CK   u_mux_counter/count_20__i15/CK}
                                                             CLOCK PIN        0.000                  3.084  1       


Data Path
Name                                      Cell/Site Name     Delay Name       Incr   Arrival/Required Time  Fanout  
----------------------------------------  -----------------  ---------------  -----  ---------------------  ------  
u_mux_counter/count_20__i14/CK->u_mux_counter/count_20__i14/Q
                                          SLICE_R13C6D       CLK_TO_Q0_DELAY  0.779                  3.863  1       
u_mux_counter/n4                                             NET DELAY        0.882                  4.745  1       
u_mux_counter/count_20_add_4_15/C0->u_mux_counter/count_20_add_4_15/S0
                                          SLICE_R13C6D       C0_TO_F0_DELAY   0.252                  4.997  1       
u_mux_counter/anode_n_c_N_76[13]                             NET DELAY        0.000                  4.997  1       
u_mux_counter/count_20__i14/D                                ENDPOINT         0.000                  4.997  1       


Destination Clock Path
Name                                      Cell/Site Name     Delay Name       Incr   Arrival/Required Time  Fanout  
----------------------------------------  -----------------  ---------------  -----  ---------------------  ------  
                                                             CONSTRAINT       0.000                  0.000  1       
hf_osc/CLKHF                              HFOSC_HFOSC_R1C32  CLOCK LATENCY    0.000                  0.000  24      
u_scanner/u_prescaler/clk                                    NET DELAY        3.084                  3.084  24      
{u_mux_counter/count_20__i14/CK   u_mux_counter/count_20__i15/CK}
                                                             CLOCK PIN        0.000                  3.084  1       
                                                             Uncertainty      0.000                  3.084  
                                                             Hold time        0.000                  3.084  
----------------------------------------  -----------------  ---------------  -----  ---------------------  ------  
Required Time                                                                                       -3.084  
Arrival Time                                                                                         4.997  
----------------------------------------  -----------------  ---------------  -----  ---------------------  ------  
Path Slack  (Passed)                                                                                 1.913  




++++ Path 8 ++++++++++++++++++++++++++++++++++++++++++++++++++++++++++ 

Path Begin       : u_mux_counter/count_20__i15/Q  (SLICE_R13C6D)
Path End         : u_mux_counter/count_20__i15/D  (SLICE_R13C6D)
Source Clock     : clk (R)
Destination Clock: clk (R)
Logic Level      : 2
Delay Ratio      : 46.1% (route), 53.9% (logic)
Clock Skew       : 0.000 ns 
Hold Constraint  : 0.000 ns 
Path Slack       : 1.913 ns  (Passed)


Source Clock Path
Name                                      Cell/Site Name     Delay Name       Incr   Arrival/Required Time  Fanout  
----------------------------------------  -----------------  ---------------  -----  ---------------------  ------  
hf_osc/CLKHF                              HFOSC_HFOSC_R1C32  CLOCK LATENCY    0.000                  0.000  24      
u_scanner/u_prescaler/clk                                    NET DELAY        3.084                  3.084  24      
{u_mux_counter/count_20__i14/CK   u_mux_counter/count_20__i15/CK}
                                                             CLOCK PIN        0.000                  3.084  1       


Data Path
Name                                      Cell/Site Name     Delay Name       Incr   Arrival/Required Time  Fanout  
----------------------------------------  -----------------  ---------------  -----  ---------------------  ------  
u_mux_counter/count_20__i15/CK->u_mux_counter/count_20__i15/Q
                                          SLICE_R13C6D       CLK_TO_Q1_DELAY  0.779                  3.863  1       
u_mux_counter/n3                                             NET DELAY        0.882                  4.745  1       
u_mux_counter/count_20_add_4_15/C1->u_mux_counter/count_20_add_4_15/S1
                                          SLICE_R13C6D       C1_TO_F1_DELAY   0.252                  4.997  1       
u_mux_counter/anode_n_c_N_76[14]                             NET DELAY        0.000                  4.997  1       
u_mux_counter/count_20__i15/D                                ENDPOINT         0.000                  4.997  1       


Destination Clock Path
Name                                      Cell/Site Name     Delay Name       Incr   Arrival/Required Time  Fanout  
----------------------------------------  -----------------  ---------------  -----  ---------------------  ------  
                                                             CONSTRAINT       0.000                  0.000  1       
hf_osc/CLKHF                              HFOSC_HFOSC_R1C32  CLOCK LATENCY    0.000                  0.000  24      
u_scanner/u_prescaler/clk                                    NET DELAY        3.084                  3.084  24      
{u_mux_counter/count_20__i14/CK   u_mux_counter/count_20__i15/CK}
                                                             CLOCK PIN        0.000                  3.084  1       
                                                             Uncertainty      0.000                  3.084  
                                                             Hold time        0.000                  3.084  
----------------------------------------  -----------------  ---------------  -----  ---------------------  ------  
Required Time                                                                                       -3.084  
Arrival Time                                                                                         4.997  
----------------------------------------  -----------------  ---------------  -----  ---------------------  ------  
Path Slack  (Passed)                                                                                 1.913  




++++ Path 9 ++++++++++++++++++++++++++++++++++++++++++++++++++++++++++ 

Path Begin       : u_mux_counter/count_20__i16/Q  (SLICE_R13C7A)
Path End         : u_mux_counter/count_20__i16/D  (SLICE_R13C7A)
Source Clock     : clk (R)
Destination Clock: clk (R)
Logic Level      : 2
Delay Ratio      : 46.1% (route), 53.9% (logic)
Clock Skew       : 0.000 ns 
Hold Constraint  : 0.000 ns 
Path Slack       : 1.913 ns  (Passed)


Source Clock Path
Name                                      Cell/Site Name     Delay Name       Incr   Arrival/Required Time  Fanout  
----------------------------------------  -----------------  ---------------  -----  ---------------------  ------  
hf_osc/CLKHF                              HFOSC_HFOSC_R1C32  CLOCK LATENCY    0.000                  0.000  24      
u_scanner/u_prescaler/clk                                    NET DELAY        3.084                  3.084  24      
{u_mux_counter/count_20__i16/CK   u_mux_counter/count_20__i17/CK}
                                                             CLOCK PIN        0.000                  3.084  1       


Data Path
Name                                      Cell/Site Name     Delay Name       Incr   Arrival/Required Time  Fanout  
----------------------------------------  -----------------  ---------------  -----  ---------------------  ------  
u_mux_counter/count_20__i16/CK->u_mux_counter/count_20__i16/Q
                                          SLICE_R13C7A       CLK_TO_Q0_DELAY  0.779                  3.863  1       
u_mux_counter/n2                                             NET DELAY        0.882                  4.745  1       
u_mux_counter/count_20_add_4_17/C0->u_mux_counter/count_20_add_4_17/S0
                                          SLICE_R13C7A       C0_TO_F0_DELAY   0.252                  4.997  1       
u_mux_counter/anode_n_c_N_76[15]                             NET DELAY        0.000                  4.997  1       
u_mux_counter/count_20__i16/D                                ENDPOINT         0.000                  4.997  1       


Destination Clock Path
Name                                      Cell/Site Name     Delay Name       Incr   Arrival/Required Time  Fanout  
----------------------------------------  -----------------  ---------------  -----  ---------------------  ------  
                                                             CONSTRAINT       0.000                  0.000  1       
hf_osc/CLKHF                              HFOSC_HFOSC_R1C32  CLOCK LATENCY    0.000                  0.000  24      
u_scanner/u_prescaler/clk                                    NET DELAY        3.084                  3.084  24      
{u_mux_counter/count_20__i16/CK   u_mux_counter/count_20__i17/CK}
                                                             CLOCK PIN        0.000                  3.084  1       
                                                             Uncertainty      0.000                  3.084  
                                                             Hold time        0.000                  3.084  
----------------------------------------  -----------------  ---------------  -----  ---------------------  ------  
Required Time                                                                                       -3.084  
Arrival Time                                                                                         4.997  
----------------------------------------  -----------------  ---------------  -----  ---------------------  ------  
Path Slack  (Passed)                                                                                 1.913  




++++ Path 10 ++++++++++++++++++++++++++++++++++++++++++++++++++++++++++ 

Path Begin       : u_mux_counter/count_20__i17/Q  (SLICE_R13C7A)
Path End         : u_mux_counter/count_20__i17/D  (SLICE_R13C7A)
Source Clock     : clk (R)
Destination Clock: clk (R)
Logic Level      : 2
Delay Ratio      : 46.1% (route), 53.9% (logic)
Clock Skew       : 0.000 ns 
Hold Constraint  : 0.000 ns 
Path Slack       : 1.913 ns  (Passed)


Source Clock Path
Name                                      Cell/Site Name     Delay Name       Incr   Arrival/Required Time  Fanout  
----------------------------------------  -----------------  ---------------  -----  ---------------------  ------  
hf_osc/CLKHF                              HFOSC_HFOSC_R1C32  CLOCK LATENCY    0.000                  0.000  24      
u_scanner/u_prescaler/clk                                    NET DELAY        3.084                  3.084  24      
{u_mux_counter/count_20__i16/CK   u_mux_counter/count_20__i17/CK}
                                                             CLOCK PIN        0.000                  3.084  1       


Data Path
Name                                      Cell/Site Name     Delay Name       Incr   Arrival/Required Time  Fanout  
----------------------------------------  -----------------  ---------------  -----  ---------------------  ------  
u_mux_counter/count_20__i17/CK->u_mux_counter/count_20__i17/Q
                                          SLICE_R13C7A       CLK_TO_Q1_DELAY  0.779                  3.863  7       
u_mux_counter/anode_n_c                                      NET DELAY        0.882                  4.745  7       
u_mux_counter/count_20_add_4_17/C1->u_mux_counter/count_20_add_4_17/S1
                                          SLICE_R13C7A       C1_TO_F1_DELAY   0.252                  4.997  1       
u_mux_counter/anode_n_c_N_76[16]                             NET DELAY        0.000                  4.997  1       
u_mux_counter/count_20__i17/D                                ENDPOINT         0.000                  4.997  1       


Destination Clock Path
Name                                      Cell/Site Name     Delay Name       Incr   Arrival/Required Time  Fanout  
----------------------------------------  -----------------  ---------------  -----  ---------------------  ------  
                                                             CONSTRAINT       0.000                  0.000  1       
hf_osc/CLKHF                              HFOSC_HFOSC_R1C32  CLOCK LATENCY    0.000                  0.000  24      
u_scanner/u_prescaler/clk                                    NET DELAY        3.084                  3.084  24      
{u_mux_counter/count_20__i16/CK   u_mux_counter/count_20__i17/CK}
                                                             CLOCK PIN        0.000                  3.084  1       
                                                             Uncertainty      0.000                  3.084  
                                                             Hold time        0.000                  3.084  
----------------------------------------  -----------------  ---------------  -----  ---------------------  ------  
Required Time                                                                                       -3.084  
Arrival Time                                                                                         4.997  
----------------------------------------  -----------------  ---------------  -----  ---------------------  ------  
Path Slack  (Passed)                                                                                 1.913  



+++++++++++++++++++++++++++++++++++++++++++++++++++++++++++++++++++++ 
                    End of Detailed Report for timing paths 
+++++++++++++++++++++++++++++++++++++++++++++++++++++++++++++++++++++ 


##########################################################



